p0 (For observed curve),n_qc_max (For observed curve),p0(For analytic curve),n_qc_max (For analytic curve)
1.900000000000e-10,0.000000000000e+00,1.900000000000e-10,0.000000000000e+00
1.950000000000e-10,0.000000000000e+00,1.900600120024e-10,0.000000000000e+00
1.954761904762e-10,0.000000000000e+00,1.901200240048e-10,0.000000000000e+00
1.959523809524e-10,0.000000000000e+00,1.901800360072e-10,0.000000000000e+00
1.964285714286e-10,0.000000000000e+00,1.902400480096e-10,0.000000000000e+00
1.969047619048e-10,0.000000000000e+00,1.903000600120e-10,0.000000000000e+00
1.973809523810e-10,0.000000000000e+00,1.903600720144e-10,0.000000000000e+00
1.978571428571e-10,0.000000000000e+00,1.904200840168e-10,0.000000000000e+00
1.983333333333e-10,0.000000000000e+00,1.904800960192e-10,0.000000000000e+00
1.988095238095e-10,0.000000000000e+00,1.905401080216e-10,0.000000000000e+00
1.992857142857e-10,0.000000000000e+00,1.906001200240e-10,0.000000000000e+00
1.997619047619e-10,0.000000000000e+00,1.906601320264e-10,0.000000000000e+00
2.000000000000e-10,0.000000000000e+00,1.907201440288e-10,0.000000000000e+00
2.000010000000e-10,0.000000000000e+00,1.907801560312e-10,0.000000000000e+00
2.000332500000e-10,1.919689044351e-02,1.908401680336e-10,0.000000000000e+00
2.000977500000e-10,3.284170332763e-02,1.909001800360e-10,0.000000000000e+00
2.002380952381e-10,5.141230898167e-02,1.909601920384e-10,0.000000000000e+00
2.007142857143e-10,8.906306263086e-02,1.910202040408e-10,0.000000000000e+00
2.015571428571e-10,1.308003212603e-01,1.910802160432e-10,0.000000000000e+00
2.029642857143e-10,1.793256856443e-01,1.911402280456e-10,0.000000000000e+00
2.043714285714e-10,2.165387865598e-01,1.912002400480e-10,0.000000000000e+00
2.057785714286e-10,2.475410675651e-01,1.912602520504e-10,0.000000000000e+00
2.071857142857e-10,2.743496023477e-01,1.913202640528e-10,0.000000000000e+00
2.085928571429e-10,2.982208600034e-01,1.913802760552e-10,0.000000000000e+00
2.100000000000e-10,3.198079863749e-01,1.914402880576e-10,0.000000000000e+00
2.200000000000e-10,4.337203405791e-01,1.915003000600e-10,0.000000000000e+00
2.300000000000e-10,5.104530320980e-01,1.915603120624e-10,0.000000000000e+00
2.400000000000e-10,5.673641862551e-01,1.916203240648e-10,0.000000000000e+00
2.500000000000e-10,6.118851113044e-01,1.916803360672e-10,0.000000000000e+00
2.600000000000e-10,6.474169866979e-01,1.917403480696e-10,0.000000000000e+00
2.700000000000e-10,6.767469064834e-01,1.918003600720e-10,0.000000000000e+00
2.800000000000e-10,7.012300239728e-01,1.918603720744e-10,0.000000000000e+00
2.900000000000e-10,7.216953257251e-01,1.919203840768e-10,0.000000000000e+00
3.000000000000e-10,7.391495453890e-01,1.919803960792e-10,0.000000000000e+00
3.100000000000e-10,7.543472005160e-01,1.920404080816e-10,0.000000000000e+00
3.200000000000e-10,7.673790855684e-01,1.921004200840e-10,0.000000000000e+00
3.300000000000e-10,7.845135841544e-01,1.921604320864e-10,0.000000000000e+00
3.400000000000e-10,7.896556336015e-01,1.922204440888e-10,0.000000000000e+00
3.500000000000e-10,8.037486216829e-01,1.922804560912e-10,0.000000000000e+00
3.600000000000e-10,8.049249970461e-01,1.923404680936e-10,0.000000000000e+00
3.700000000000e-10,8.197879712038e-01,1.924004800960e-10,0.000000000000e+00
3.800000000000e-10,8.214466928388e-01,1.924604920984e-10,0.000000000000e+00
3.900000000000e-10,8.331084348709e-01,1.925205041008e-10,0.000000000000e+00
4.000000000000e-10,8.346752612152e-01,1.925805161032e-10,0.000000000000e+00
4.100000000000e-10,8.564790840426e-01,1.926405281056e-10,0.000000000000e+00
4.200000000000e-10,8.579319819256e-01,1.927005401080e-10,0.000000000000e+00
4.300000000000e-10,8.653166258989e-01,1.927605521104e-10,0.000000000000e+00
4.400000000000e-10,8.678043058444e-01,1.928205641128e-10,0.000000000000e+00
4.500000000000e-10,8.781105889413e-01,1.928805761152e-10,0.000000000000e+00
4.600000000000e-10,8.566840235383e-01,1.929405881176e-10,0.000000000000e+00
4.700000000000e-10,8.796383818188e-01,1.930006001200e-10,0.000000000000e+00
4.800000000000e-10,8.899222335236e-01,1.930606121224e-10,0.000000000000e+00
4.900000000000e-10,8.824988776272e-01,1.931206241248e-10,0.000000000000e+00
,,1.931806361272e-10,0.000000000000e+00
,,1.932406481296e-10,0.000000000000e+00
,,1.933006601320e-10,0.000000000000e+00
,,1.933606721344e-10,0.000000000000e+00
,,1.934206841368e-10,0.000000000000e+00
,,1.934806961392e-10,0.000000000000e+00
,,1.935407081416e-10,0.000000000000e+00
,,1.936007201440e-10,0.000000000000e+00
,,1.936607321464e-10,0.000000000000e+00
,,1.937207441488e-10,0.000000000000e+00
,,1.937807561512e-10,0.000000000000e+00
,,1.938407681536e-10,0.000000000000e+00
,,1.939007801560e-10,0.000000000000e+00
,,1.939607921584e-10,0.000000000000e+00
,,1.940208041608e-10,0.000000000000e+00
,,1.940808161632e-10,0.000000000000e+00
,,1.941408281656e-10,0.000000000000e+00
,,1.942008401680e-10,0.000000000000e+00
,,1.942608521704e-10,0.000000000000e+00
,,1.943208641728e-10,0.000000000000e+00
,,1.943808761752e-10,0.000000000000e+00
,,1.944408881776e-10,0.000000000000e+00
,,1.945009001800e-10,0.000000000000e+00
,,1.945609121824e-10,0.000000000000e+00
,,1.946209241848e-10,0.000000000000e+00
,,1.946809361872e-10,0.000000000000e+00
,,1.947409481896e-10,0.000000000000e+00
,,1.948009601920e-10,0.000000000000e+00
,,1.948609721944e-10,0.000000000000e+00
,,1.949209841968e-10,0.000000000000e+00
,,1.949809961992e-10,0.000000000000e+00
,,1.950410082016e-10,0.000000000000e+00
,,1.951010202040e-10,0.000000000000e+00
,,1.951610322064e-10,0.000000000000e+00
,,1.952210442088e-10,0.000000000000e+00
,,1.952810562112e-10,0.000000000000e+00
,,1.953410682136e-10,0.000000000000e+00
,,1.954010802160e-10,0.000000000000e+00
,,1.954610922184e-10,0.000000000000e+00
,,1.955211042208e-10,0.000000000000e+00
,,1.955811162232e-10,0.000000000000e+00
,,1.956411282256e-10,0.000000000000e+00
,,1.957011402280e-10,0.000000000000e+00
,,1.957611522304e-10,0.000000000000e+00
,,1.958211642328e-10,0.000000000000e+00
,,1.958811762352e-10,0.000000000000e+00
,,1.959411882376e-10,0.000000000000e+00
,,1.960012002400e-10,0.000000000000e+00
,,1.960612122424e-10,0.000000000000e+00
,,1.961212242448e-10,0.000000000000e+00
,,1.961812362472e-10,0.000000000000e+00
,,1.962412482496e-10,0.000000000000e+00
,,1.963012602521e-10,0.000000000000e+00
,,1.963612722545e-10,0.000000000000e+00
,,1.964212842569e-10,0.000000000000e+00
,,1.964812962593e-10,0.000000000000e+00
,,1.965413082617e-10,0.000000000000e+00
,,1.966013202641e-10,0.000000000000e+00
,,1.966613322665e-10,0.000000000000e+00
,,1.967213442689e-10,0.000000000000e+00
,,1.967813562713e-10,0.000000000000e+00
,,1.968413682737e-10,0.000000000000e+00
,,1.969013802761e-10,0.000000000000e+00
,,1.969613922785e-10,0.000000000000e+00
,,1.970214042809e-10,0.000000000000e+00
,,1.970814162833e-10,0.000000000000e+00
,,1.971414282857e-10,0.000000000000e+00
,,1.972014402881e-10,0.000000000000e+00
,,1.972614522905e-10,0.000000000000e+00
,,1.973214642929e-10,0.000000000000e+00
,,1.973814762953e-10,0.000000000000e+00
,,1.974414882977e-10,0.000000000000e+00
,,1.975015003001e-10,0.000000000000e+00
,,1.975615123025e-10,0.000000000000e+00
,,1.976215243049e-10,0.000000000000e+00
,,1.976815363073e-10,0.000000000000e+00
,,1.977415483097e-10,0.000000000000e+00
,,1.978015603121e-10,0.000000000000e+00
,,1.978615723145e-10,0.000000000000e+00
,,1.979215843169e-10,0.000000000000e+00
,,1.979815963193e-10,0.000000000000e+00
,,1.980416083217e-10,0.000000000000e+00
,,1.981016203241e-10,0.000000000000e+00
,,1.981616323265e-10,0.000000000000e+00
,,1.982216443289e-10,0.000000000000e+00
,,1.982816563313e-10,0.000000000000e+00
,,1.983416683337e-10,0.000000000000e+00
,,1.984016803361e-10,0.000000000000e+00
,,1.984616923385e-10,0.000000000000e+00
,,1.985217043409e-10,0.000000000000e+00
,,1.985817163433e-10,0.000000000000e+00
,,1.986417283457e-10,0.000000000000e+00
,,1.987017403481e-10,0.000000000000e+00
,,1.987617523505e-10,0.000000000000e+00
,,1.988217643529e-10,0.000000000000e+00
,,1.988817763553e-10,0.000000000000e+00
,,1.989417883577e-10,0.000000000000e+00
,,1.990018003601e-10,0.000000000000e+00
,,1.990618123625e-10,0.000000000000e+00
,,1.991218243649e-10,0.000000000000e+00
,,1.991818363673e-10,0.000000000000e+00
,,1.992418483697e-10,0.000000000000e+00
,,1.993018603721e-10,0.000000000000e+00
,,1.993618723745e-10,0.000000000000e+00
,,1.994218843769e-10,0.000000000000e+00
,,1.994818963793e-10,0.000000000000e+00
,,1.995419083817e-10,0.000000000000e+00
,,1.996019203841e-10,0.000000000000e+00
,,1.996619323865e-10,0.000000000000e+00
,,1.997219443889e-10,0.000000000000e+00
,,1.997819563913e-10,0.000000000000e+00
,,1.998419683937e-10,0.000000000000e+00
,,1.999019803961e-10,0.000000000000e+00
,,1.999619923985e-10,0.000000000000e+00
,,2.000220044009e-10,1.483224856269e-02
,,2.000820164033e-10,2.862676679812e-02
,,2.001420284057e-10,3.765991233037e-02
,,2.002020404081e-10,4.490354357244e-02
,,2.002620524105e-10,5.112406900217e-02
,,2.003220644129e-10,5.665947918266e-02
,,2.003820764153e-10,6.169447009367e-02
,,2.004420884177e-10,6.634308231841e-02
,,2.005021004201e-10,7.068159829349e-02
,,2.005621124225e-10,7.476402810182e-02
,,2.006221244249e-10,7.863027541902e-02
,,2.006821364273e-10,8.231081483056e-02
,,2.007421484297e-10,8.582954579078e-02
,,2.008021604321e-10,8.920562339074e-02
,,2.008621724345e-10,9.245468150671e-02
,,2.009221844369e-10,9.558967802989e-02
,,2.009821964393e-10,9.862149580263e-02
,,2.010422084417e-10,1.015593803951e-01
,,2.011022204441e-10,1.044112658109e-01
,,2.011622324465e-10,1.071840213167e-01
,,2.012222444489e-10,1.098836415582e-01
,,2.012822564513e-10,1.125153951240e-01
,,2.013422684537e-10,1.150839421456e-01
,,2.014022804561e-10,1.175934284768e-01
,,2.014622924585e-10,1.200475619125e-01
,,2.015223044609e-10,1.224496744652e-01
,,2.015823164633e-10,1.248027736959e-01
,,2.016423284657e-10,1.271095853628e-01
,,2.017023404681e-10,1.293725891183e-01
,,2.017623524705e-10,1.315940485914e-01
,,2.018223644729e-10,1.337760368994e-01
,,2.018823764753e-10,1.359204584087e-01
,,2.019423884777e-10,1.380290673993e-01
,,2.020024004801e-10,1.401034841546e-01
,,2.020624124825e-10,1.421452088970e-01
,,2.021224244849e-10,1.441556339134e-01
,,2.021824364873e-10,1.461360541486e-01
,,2.022424484897e-10,1.480876764974e-01
,,2.023024604921e-10,1.500116279858e-01
,,2.023624724945e-10,1.519089629990e-01
,,2.024224844969e-10,1.537806696894e-01
,,2.024824964993e-10,1.556276756742e-01
,,2.025425085017e-10,1.574508531184e-01
,,2.026025205041e-10,1.592510232806e-01
,,2.026625325065e-10,1.610289605902e-01
,,2.027225445089e-10,1.627853963148e-01
,,2.027825565113e-10,1.645210218642e-01
,,2.028425685137e-10,1.662364917779e-01
,,2.029025805161e-10,1.679324264286e-01
,,2.029625925185e-10,1.696094144773e-01
,,2.030226045209e-10,1.712680151046e-01
,,2.030826165233e-10,1.729087600450e-01
,,2.031426285257e-10,1.745321554433e-01
,,2.032026405281e-10,1.761386835526e-01
,,2.032626525305e-10,1.777288042903e-01
,,2.033226645329e-10,1.793029566652e-01
,,2.033826765353e-10,1.808615600904e-01
,,2.034426885377e-10,1.824050155913e-01
,,2.035027005401e-10,1.839337069193e-01
,,2.035627125425e-10,1.854480015803e-01
,,2.036227245449e-10,1.869482517861e-01
,,2.036827365473e-10,1.884347953344e-01
,,2.037427485497e-10,1.899079564255e-01
,,2.038027605521e-10,1.913680464196e-01
,,2.038627725545e-10,1.928153645414e-01
,,2.039227845569e-10,1.942501985349e-01
,,2.039827965593e-10,1.956728252745e-01
,,2.040428085617e-10,1.970835113331e-01
,,2.041028205641e-10,1.984825135147e-01
,,2.041628325665e-10,1.998700793501e-01
,,2.042228445689e-10,2.012464475618e-01
,,2.042828565713e-10,2.026118484993e-01
,,2.043428685737e-10,2.039665045462e-01
,,2.044028805761e-10,2.053106305032e-01
,,2.044628925785e-10,2.066444339470e-01
,,2.045229045809e-10,2.079681155682e-01
,,2.045829165833e-10,2.092818694884e-01
,,2.046429285857e-10,2.105858835593e-01
,,2.047029405881e-10,2.118803396442e-01
,,2.047629525905e-10,2.131654138837e-01
,,2.048229645929e-10,2.144412769462e-01
,,2.048829765953e-10,2.157080942642e-01
,,2.049429885977e-10,2.169660262583e-01
,,2.050030006001e-10,2.182152285482e-01
,,2.050630126025e-10,2.194558521530e-01
,,2.051230246049e-10,2.206880436809e-01
,,2.051830366073e-10,2.219119455081e-01
,,2.052430486097e-10,2.231276959495e-01
,,2.053030606121e-10,2.243354294200e-01
,,2.053630726145e-10,2.255352765879e-01
,,2.054230846169e-10,2.267273645206e-01
,,2.054830966193e-10,2.279118168226e-01
,,2.055431086217e-10,2.290887537677e-01
,,2.056031206241e-10,2.302582924240e-01
,,2.056631326265e-10,2.314205467730e-01
,,2.057231446289e-10,2.325756278233e-01
,,2.057831566313e-10,2.337236437192e-01
,,2.058431686337e-10,2.348646998434e-01
,,2.059031806361e-10,2.359988989157e-01
,,2.059631926385e-10,2.371263410873e-01
,,2.060232046409e-10,2.382471240299e-01
,,2.060832166433e-10,2.393613430223e-01
,,2.061432286457e-10,2.404690910317e-01
,,2.062032406481e-10,2.415704587923e-01
,,2.062632526505e-10,2.426655348805e-01
,,2.063232646529e-10,2.437544057865e-01
,,2.063832766553e-10,2.448371559831e-01
,,2.064432886577e-10,2.459138679914e-01
,,2.065033006601e-10,2.469846224441e-01
,,2.065633126625e-10,2.480494981459e-01
,,2.066233246649e-10,2.491085721314e-01
,,2.066833366673e-10,2.501619197211e-01
,,2.067433486697e-10,2.512096145744e-01
,,2.068033606721e-10,2.522517287412e-01
,,2.068633726745e-10,2.532883327111e-01
,,2.069233846769e-10,2.543194954606e-01
,,2.069833966793e-10,2.553452844990e-01
,,2.070434086817e-10,2.563657659116e-01
,,2.071034206841e-10,2.573810044023e-01
,,2.071634326865e-10,2.583910633337e-01
,,2.072234446889e-10,2.593960047663e-01
,,2.072834566913e-10,2.603958894962e-01
,,2.073434686937e-10,2.613907770907e-01
,,2.074034806961e-10,2.623807259238e-01
,,2.074634926985e-10,2.633657932091e-01
,,2.075235047009e-10,2.643460350328e-01
,,2.075835167033e-10,2.653215063844e-01
,,2.076435287057e-10,2.662922611869e-01
,,2.077035407081e-10,2.672583523262e-01
,,2.077635527105e-10,2.682198316785e-01
,,2.078235647129e-10,2.691767501380e-01
,,2.078835767153e-10,2.701291576424e-01
,,2.079435887177e-10,2.710771031988e-01
,,2.080036007201e-10,2.720206349075e-01
,,2.080636127225e-10,2.729597999859e-01
,,2.081236247249e-10,2.738946447913e-01
,,2.081836367273e-10,2.748252148426e-01
,,2.082436487297e-10,2.757515548419e-01
,,2.083036607321e-10,2.766737086953e-01
,,2.083636727345e-10,2.775917195322e-01
,,2.084236847369e-10,2.785056297253e-01
,,2.084836967393e-10,2.794154809088e-01
,,2.085437087417e-10,2.803213139967e-01
,,2.086037207441e-10,2.812231692005e-01
,,2.086637327465e-10,2.821210860458e-01
,,2.087237447489e-10,2.830151033889e-01
,,2.087837567514e-10,2.839052594331e-01
,,2.088437687538e-10,2.847915917437e-01
,,2.089037807562e-10,2.856741372631e-01
,,2.089637927586e-10,2.865529323254e-01
,,2.090238047610e-10,2.874280126707e-01
,,2.090838167634e-10,2.882994134585e-01
,,2.091438287658e-10,2.891671692811e-01
,,2.092038407682e-10,2.900313141763e-01
,,2.092638527706e-10,2.908918816404e-01
,,2.093238647730e-10,2.917489046399e-01
,,2.093838767754e-10,2.926024156234e-01
,,2.094438887778e-10,2.934524465332e-01
,,2.095039007802e-10,2.942990288163e-01
,,2.095639127826e-10,2.951421934353e-01
,,2.096239247850e-10,2.959819708791e-01
,,2.096839367874e-10,2.968183911727e-01
,,2.097439487898e-10,2.976514838874e-01
,,2.098039607922e-10,2.984812781506e-01
,,2.098639727946e-10,2.993078026550e-01
,,2.099239847970e-10,3.001310856678e-01
,,2.099839967994e-10,3.009511550396e-01
,,2.100440088018e-10,3.017680382132e-01
,,2.101040208042e-10,3.025817622318e-01
,,2.101640328066e-10,3.033923537474e-01
,,2.102240448090e-10,3.041998390287e-01
,,2.102840568114e-10,3.050042439689e-01
,,2.103440688138e-10,3.058055940934e-01
,,2.104040808162e-10,3.066039145667e-01
,,2.104640928186e-10,3.073992302005e-01
,,2.105241048210e-10,3.081915654598e-01
,,2.105841168234e-10,3.089809444703e-01
,,2.106441288258e-10,3.097673910246e-01
,,2.107041408282e-10,3.105509285892e-01
,,2.107641528306e-10,3.113315803105e-01
,,2.108241648330e-10,3.121093690210e-01
,,2.108841768354e-10,3.128843172454e-01
,,2.109441888378e-10,3.136564472065e-01
,,2.110042008402e-10,3.144257808308e-01
,,2.110642128426e-10,3.151923397540e-01
,,2.111242248450e-10,3.159561453267e-01
,,2.111842368474e-10,3.167172186198e-01
,,2.112442488498e-10,3.174755804291e-01
,,2.113042608522e-10,3.182312512811e-01
,,2.113642728546e-10,3.189842514374e-01
,,2.114242848570e-10,3.197346008999e-01
,,2.114842968594e-10,3.204823194153e-01
,,2.115443088618e-10,3.212274264796e-01
,,2.116043208642e-10,3.219699413430e-01
,,2.116643328666e-10,3.227098830140e-01
,,2.117243448690e-10,3.234472702637e-01
,,2.117843568714e-10,3.241821216300e-01
,,2.118443688738e-10,3.249144554219e-01
,,2.119043808762e-10,3.256442897231e-01
,,2.119643928786e-10,3.263716423965e-01
,,2.120244048810e-10,3.270965310876e-01
,,2.120844168834e-10,3.278189732281e-01
,,2.121444288858e-10,3.285389860402e-01
,,2.122044408882e-10,3.292565865394e-01
,,2.122644528906e-10,3.299717915388e-01
,,2.123244648930e-10,3.306846176519e-01
,,2.123844768954e-10,3.313950812960e-01
,,2.124444888978e-10,3.321031986961e-01
,,2.125045009002e-10,3.328089858872e-01
,,2.125645129026e-10,3.335124587181e-01
,,2.126245249050e-10,3.342136328544e-01
,,2.126845369074e-10,3.349125237811e-01
,,2.127445489098e-10,3.356091468060e-01
,,2.128045609122e-10,3.363035170624e-01
,,2.128645729146e-10,3.369956495119e-01
,,2.129245849170e-10,3.376855589471e-01
,,2.129845969194e-10,3.383732599945e-01
,,2.130446089218e-10,3.390587671169e-01
,,2.131046209242e-10,3.397420946165e-01
,,2.131646329266e-10,3.404232566365e-01
,,2.132246449290e-10,3.411022671648e-01
,,2.132846569314e-10,3.417791400352e-01
,,2.133446689338e-10,3.424538889309e-01
,,2.134046809362e-10,3.431265273860e-01
,,2.134646929386e-10,3.437970687884e-01
,,2.135247049410e-10,3.444655263816e-01
,,2.135847169434e-10,3.451319132672e-01
,,2.136447289458e-10,3.457962424068e-01
,,2.137047409482e-10,3.464585266245e-01
,,2.137647529506e-10,3.471187786085e-01
,,2.138247649530e-10,3.477770109138e-01
,,2.138847769554e-10,3.484332359633e-01
,,2.139447889578e-10,3.490874660505e-01
,,2.140048009602e-10,3.497397133413e-01
,,2.140648129626e-10,3.503899898754e-01
,,2.141248249650e-10,3.510383075689e-01
,,2.141848369674e-10,3.516846782155e-01
,,2.142448489698e-10,3.523291134885e-01
,,2.143048609722e-10,3.529716249426e-01
,,2.143648729746e-10,3.536122240156e-01
,,2.144248849770e-10,3.542509220300e-01
,,2.144848969794e-10,3.548877301947e-01
,,2.145449089818e-10,3.555226596066e-01
,,2.146049209842e-10,3.561557212522e-01
,,2.146649329866e-10,3.567869260093e-01
,,2.147249449890e-10,3.574162846483e-01
,,2.147849569914e-10,3.580438078337e-01
,,2.148449689938e-10,3.586695061260e-01
,,2.149049809962e-10,3.592933899825e-01
,,2.149649929986e-10,3.599154697592e-01
,,2.150250050010e-10,3.605357557121e-01
,,2.150850170034e-10,3.611542579986e-01
,,2.151450290058e-10,3.617709866785e-01
,,2.152050410082e-10,3.623859517160e-01
,,2.152650530106e-10,3.629991629803e-01
,,2.153250650130e-10,3.636106302474e-01
,,2.153850770154e-10,3.642203632011e-01
,,2.154450890178e-10,3.648283714342e-01
,,2.155051010202e-10,3.654346644499e-01
,,2.155651130226e-10,3.660392516630e-01
,,2.156251250250e-10,3.666421424008e-01
,,2.156851370274e-10,3.672433459044e-01
,,2.157451490298e-10,3.678428713300e-01
,,2.158051610322e-10,3.684407277499e-01
,,2.158651730346e-10,3.690369241535e-01
,,2.159251850370e-10,3.696314694484e-01
,,2.159851970394e-10,3.702243724615e-01
,,2.160452090418e-10,3.708156419402e-01
,,2.161052210442e-10,3.714052865531e-01
,,2.161652330466e-10,3.719933148913e-01
,,2.162252450490e-10,3.725797354692e-01
,,2.162852570514e-10,3.731645567256e-01
,,2.163452690538e-10,3.737477870245e-01
,,2.164052810562e-10,3.743294346563e-01
,,2.164652930586e-10,3.749095078385e-01
,,2.165253050610e-10,3.754880147165e-01
,,2.165853170634e-10,3.760649633650e-01
,,2.166453290658e-10,3.766403617883e-01
,,2.167053410682e-10,3.772142179216e-01
,,2.167653530706e-10,3.777865396315e-01
,,2.168253650730e-10,3.783573347173e-01
,,2.168853770754e-10,3.789266109113e-01
,,2.169453890778e-10,3.794943758799e-01
,,2.170054010802e-10,3.800606372245e-01
,,2.170654130826e-10,3.806254024821e-01
,,2.171254250850e-10,3.811886791261e-01
,,2.171854370874e-10,3.817504745672e-01
,,2.172454490898e-10,3.823107961537e-01
,,2.173054610922e-10,3.828696511731e-01
,,2.173654730946e-10,3.834270468520e-01
,,2.174254850970e-10,3.839829903573e-01
,,2.174854970994e-10,3.845374887965e-01
,,2.175455091018e-10,3.850905492189e-01
,,2.176055211042e-10,3.856421786159e-01
,,2.176655331066e-10,3.861923839219e-01
,,2.177255451090e-10,3.867411720148e-01
,,2.177855571114e-10,3.872885497168e-01
,,2.178455691138e-10,3.878345237947e-01
,,2.179055811162e-10,3.883791009612e-01
,,2.179655931186e-10,3.889222878748e-01
,,2.180256051210e-10,3.894640911411e-01
,,2.180856171234e-10,3.900045173126e-01
,,2.181456291258e-10,3.905435728902e-01
,,2.182056411282e-10,3.910812643231e-01
,,2.182656531306e-10,3.916175980096e-01
,,2.183256651330e-10,3.921525802979e-01
,,2.183856771354e-10,3.926862174862e-01
,,2.184456891378e-10,3.932185158238e-01
,,2.185057011402e-10,3.937494815111e-01
,,2.185657131426e-10,3.942791207007e-01
,,2.186257251450e-10,3.948074394973e-01
,,2.186857371474e-10,3.953344439589e-01
,,2.187457491498e-10,3.958601400967e-01
,,2.188057611522e-10,3.963845338762e-01
,,2.188657731546e-10,3.969076312170e-01
,,2.189257851570e-10,3.974294379941e-01
,,2.189857971594e-10,3.979499600377e-01
,,2.190458091618e-10,3.984692031341e-01
,,2.191058211642e-10,3.989871730259e-01
,,2.191658331666e-10,3.995038754128e-01
,,2.192258451690e-10,4.000193159518e-01
,,2.192858571714e-10,4.005335002576e-01
,,2.193458691738e-10,4.010464339033e-01
,,2.194058811762e-10,4.015581224207e-01
,,2.194658931786e-10,4.020685713007e-01
,,2.195259051810e-10,4.025777859938e-01
,,2.195859171834e-10,4.030857719106e-01
,,2.196459291858e-10,4.035925344220e-01
,,2.197059411882e-10,4.040980788598e-01
,,2.197659531906e-10,4.046024105171e-01
,,2.198259651930e-10,4.051055346485e-01
,,2.198859771954e-10,4.056074564708e-01
,,2.199459891978e-10,4.061081811632e-01
,,2.200060012002e-10,4.066077138676e-01
,,2.200660132026e-10,4.071060596894e-01
,,2.201260252050e-10,4.076032236974e-01
,,2.201860372074e-10,4.080992109241e-01
,,2.202460492098e-10,4.085940263669e-01
,,2.203060612122e-10,4.090876749874e-01
,,2.203660732146e-10,4.095801617124e-01
,,2.204260852170e-10,4.100714914341e-01
,,2.204860972194e-10,4.105616690106e-01
,,2.205461092218e-10,4.110506992657e-01
,,2.206061212242e-10,4.115385869899e-01
,,2.206661332266e-10,4.120253369405e-01
,,2.207261452290e-10,4.125109538417e-01
,,2.207861572314e-10,4.129954423852e-01
,,2.208461692338e-10,4.134788072305e-01
,,2.209061812362e-10,4.139610530049e-01
,,2.209661932386e-10,4.144421843045e-01
,,2.210262052410e-10,4.149222056936e-01
,,2.210862172434e-10,4.154011217057e-01
,,2.211462292458e-10,4.158789368437e-01
,,2.212062412482e-10,4.163556555798e-01
,,2.212662532507e-10,4.168312823564e-01
,,2.213262652531e-10,4.173058215857e-01
,,2.213862772555e-10,4.177792776505e-01
,,2.214462892579e-10,4.182516549045e-01
,,2.215063012603e-10,4.187229576723e-01
,,2.215663132627e-10,4.191931902495e-01
,,2.216263252651e-10,4.196623569038e-01
,,2.216863372675e-10,4.201304618742e-01
,,2.217463492699e-10,4.205975093722e-01
,,2.218063612723e-10,4.210635035814e-01
,,2.218663732747e-10,4.215284486581e-01
,,2.219263852771e-10,4.219923487316e-01
,,2.219863972795e-10,4.224552079040e-01
,,2.220464092819e-10,4.229170302511e-01
,,2.221064212843e-10,4.233778198223e-01
,,2.221664332867e-10,4.238375806406e-01
,,2.222264452891e-10,4.242963167033e-01
,,2.222864572915e-10,4.247540319822e-01
,,2.223464692939e-10,4.252107304233e-01
,,2.224064812963e-10,4.256664159477e-01
,,2.224664932987e-10,4.261210924516e-01
,,2.225265053011e-10,4.265747638061e-01
,,2.225865173035e-10,4.270274338583e-01
,,2.226465293059e-10,4.274791064305e-01
,,2.227065413083e-10,4.279297853214e-01
,,2.227665533107e-10,4.283794743056e-01
,,2.228265653131e-10,4.288281771341e-01
,,2.228865773155e-10,4.292758975345e-01
,,2.229465893179e-10,4.297226392112e-01
,,2.230066013203e-10,4.301684058457e-01
,,2.230666133227e-10,4.306132010964e-01
,,2.231266253251e-10,4.310570285994e-01
,,2.231866373275e-10,4.314998919683e-01
,,2.232466493299e-10,4.319417947945e-01
,,2.233066613323e-10,4.323827406474e-01
,,2.233666733347e-10,4.328227330745e-01
,,2.234266853371e-10,4.332617756019e-01
,,2.234866973395e-10,4.336998717340e-01
,,2.235467093419e-10,4.341370249542e-01
,,2.236067213443e-10,4.345732387247e-01
,,2.236667333467e-10,4.350085164867e-01
,,2.237267453491e-10,4.354428616611e-01
,,2.237867573515e-10,4.358762776478e-01
,,2.238467693539e-10,4.363087678266e-01
,,2.239067813563e-10,4.367403355573e-01
,,2.239667933587e-10,4.371709841793e-01
,,2.240268053611e-10,4.376007170125e-01
,,2.240868173635e-10,4.380295373570e-01
,,2.241468293659e-10,4.384574484933e-01
,,2.242068413683e-10,4.388844536830e-01
,,2.242668533707e-10,4.393105561679e-01
,,2.243268653731e-10,4.397357591714e-01
,,2.243868773755e-10,4.401600658977e-01
,,2.244468893779e-10,4.405834795323e-01
,,2.245069013803e-10,4.410060032424e-01
,,2.245669133827e-10,4.414276401767e-01
,,2.246269253851e-10,4.418483934656e-01
,,2.246869373875e-10,4.422682662215e-01
,,2.247469493899e-10,4.426872615389e-01
,,2.248069613923e-10,4.431053824946e-01
,,2.248669733947e-10,4.435226321475e-01
,,2.249269853971e-10,4.439390135392e-01
,,2.249869973995e-10,4.443545296941e-01
,,2.250470094019e-10,4.447691836191e-01
,,2.251070214043e-10,4.451829783042e-01
,,2.251670334067e-10,4.455959167225e-01
,,2.252270454091e-10,4.460080018303e-01
,,2.252870574115e-10,4.464192365671e-01
,,2.253470694139e-10,4.468296238562e-01
,,2.254070814163e-10,4.472391666042e-01
,,2.254670934187e-10,4.476478677016e-01
,,2.255271054211e-10,4.480557300227e-01
,,2.255871174235e-10,4.484627564260e-01
,,2.256471294259e-10,4.488689497538e-01
,,2.257071414283e-10,4.492743128331e-01
,,2.257671534307e-10,4.496788484749e-01
,,2.258271654331e-10,4.500825594749e-01
,,2.258871774355e-10,4.504854486133e-01
,,2.259471894379e-10,4.508875186553e-01
,,2.260072014403e-10,4.512887723507e-01
,,2.260672134427e-10,4.516892124344e-01
,,2.261272254451e-10,4.520888416265e-01
,,2.261872374475e-10,4.524876626321e-01
,,2.262472494499e-10,4.528856781419e-01
,,2.263072614523e-10,4.532828908318e-01
,,2.263672734547e-10,4.536793033636e-01
,,2.264272854571e-10,4.540749183843e-01
,,2.264872974595e-10,4.544697385271e-01
,,2.265473094619e-10,4.548637664110e-01
,,2.266073214643e-10,4.552570046408e-01
,,2.266673334667e-10,4.556494558077e-01
,,2.267273454691e-10,4.560411224890e-01
,,2.267873574715e-10,4.564320072482e-01
,,2.268473694739e-10,4.568221126353e-01
,,2.269073814763e-10,4.572114411870e-01
,,2.269673934787e-10,4.575999954264e-01
,,2.270274054811e-10,4.579877778635e-01
,,2.270874174835e-10,4.583747909949e-01
,,2.271474294859e-10,4.587610373044e-01
,,2.272074414883e-10,4.591465192627e-01
,,2.272674534907e-10,4.595312393277e-01
,,2.273274654931e-10,4.599151999443e-01
,,2.273874774955e-10,4.602984035450e-01
,,2.274474894979e-10,4.606808525495e-01
,,2.275075015003e-10,4.610625493652e-01
,,2.275675135027e-10,4.614434963868e-01
,,2.276275255051e-10,4.618236959970e-01
,,2.276875375075e-10,4.622031505662e-01
,,2.277475495099e-10,4.625818624525e-01
,,2.278075615123e-10,4.629598340021e-01
,,2.278675735147e-10,4.633370675493e-01
,,2.279275855171e-10,4.637135654163e-01
,,2.279875975195e-10,4.640893299138e-01
,,2.280476095219e-10,4.644643633406e-01
,,2.281076215243e-10,4.648386679840e-01
,,2.281676335267e-10,4.652122461197e-01
,,2.282276455291e-10,4.655851000120e-01
,,2.282876575315e-10,4.659572319138e-01
,,2.283476695339e-10,4.663286440667e-01
,,2.284076815363e-10,4.666993387013e-01
,,2.284676935387e-10,4.670693180367e-01
,,2.285277055411e-10,4.674385842814e-01
,,2.285877175435e-10,4.678071396326e-01
,,2.286477295459e-10,4.681749862767e-01
,,2.287077415483e-10,4.685421263894e-01
,,2.287677535507e-10,4.689085621356e-01
,,2.288277655531e-10,4.692742956695e-01
,,2.288877775555e-10,4.696393291348e-01
,,2.289477895579e-10,4.700036646646e-01
,,2.290078015603e-10,4.703673043817e-01
,,2.290678135627e-10,4.707302503984e-01
,,2.291278255651e-10,4.710925048168e-01
,,2.291878375675e-10,4.714540697287e-01
,,2.292478495699e-10,4.718149472160e-01
,,2.293078615723e-10,4.721751393501e-01
,,2.293678735747e-10,4.725346481928e-01
,,2.294278855771e-10,4.728934757958e-01
,,2.294878975795e-10,4.732516242009e-01
,,2.295479095819e-10,4.736090954402e-01
,,2.296079215843e-10,4.739658915359e-01
,,2.296679335867e-10,4.743220145007e-01
,,2.297279455891e-10,4.746774663376e-01
,,2.297879575915e-10,4.750322490402e-01
,,2.298479695939e-10,4.753863645925e-01
,,2.299079815963e-10,4.757398149691e-01
,,2.299679935987e-10,4.760926021354e-01
,,2.300280056011e-10,4.764447280473e-01
,,2.300880176035e-10,4.767961946516e-01
,,2.301480296059e-10,4.771470038861e-01
,,2.302080416083e-10,4.774971576792e-01
,,2.302680536107e-10,4.778466579506e-01
,,2.303280656131e-10,4.781955066107e-01
,,2.303880776155e-10,4.785437055612e-01
,,2.304480896179e-10,4.788912566949e-01
,,2.305081016203e-10,4.792381618959e-01
,,2.305681136227e-10,4.795844230394e-01
,,2.306281256251e-10,4.799300419920e-01
,,2.306881376275e-10,4.802750206116e-01
,,2.307481496299e-10,4.806193607478e-01
,,2.308081616323e-10,4.809630642414e-01
,,2.308681736347e-10,4.813061329250e-01
,,2.309281856371e-10,4.816485686225e-01
,,2.309881976395e-10,4.819903731497e-01
,,2.310482096419e-10,4.823315483140e-01
,,2.311082216443e-10,4.826720959148e-01
,,2.311682336467e-10,4.830120177430e-01
,,2.312282456491e-10,4.833513155816e-01
,,2.312882576515e-10,4.836899912053e-01
,,2.313482696539e-10,4.840280463811e-01
,,2.314082816563e-10,4.843654828679e-01
,,2.314682936587e-10,4.847023024164e-01
,,2.315283056611e-10,4.850385067700e-01
,,2.315883176635e-10,4.853740976637e-01
,,2.316483296659e-10,4.857090768252e-01
,,2.317083416683e-10,4.860434459743e-01
,,2.317683536707e-10,4.863772068229e-01
,,2.318283656731e-10,4.867103610758e-01
,,2.318883776755e-10,4.870429104297e-01
,,2.319483896779e-10,4.873748565742e-01
,,2.320084016803e-10,4.877062011912e-01
,,2.320684136827e-10,4.880369459552e-01
,,2.321284256851e-10,4.883670925333e-01
,,2.321884376875e-10,4.886966425854e-01
,,2.322484496899e-10,4.890255977641e-01
,,2.323084616923e-10,4.893539597145e-01
,,2.323684736947e-10,4.896817300748e-01
,,2.324284856971e-10,4.900089104760e-01
,,2.324884976995e-10,4.903355025418e-01
,,2.325485097019e-10,4.906615078891e-01
,,2.326085217043e-10,4.909869281276e-01
,,2.326685337067e-10,4.913117648600e-01
,,2.327285457091e-10,4.916360196824e-01
,,2.327885577115e-10,4.919596941835e-01
,,2.328485697139e-10,4.922827899456e-01
,,2.329085817163e-10,4.926053085440e-01
,,2.329685937187e-10,4.929272515471e-01
,,2.330286057211e-10,4.932486205170e-01
,,2.330886177235e-10,4.935694170086e-01
,,2.331486297259e-10,4.938896425705e-01
,,2.332086417283e-10,4.942092987447e-01
,,2.332686537307e-10,4.945283870664e-01
,,2.333286657331e-10,4.948469090646e-01
,,2.333886777355e-10,4.951648662616e-01
,,2.334486897379e-10,4.954822601733e-01
,,2.335087017403e-10,4.957990923093e-01
,,2.335687137427e-10,4.961153641727e-01
,,2.336287257451e-10,4.964310772604e-01
,,2.336887377475e-10,4.967462330628e-01
,,2.337487497499e-10,4.970608330643e-01
,,2.338087617524e-10,4.973748787431e-01
,,2.338687737548e-10,4.976883715709e-01
,,2.339287857572e-10,4.980013130137e-01
,,2.339887977596e-10,4.983137045310e-01
,,2.340488097620e-10,4.986255475765e-01
,,2.341088217644e-10,4.989368435978e-01
,,2.341688337668e-10,4.992475940365e-01
,,2.342288457692e-10,4.995578003281e-01
,,2.342888577716e-10,4.998674639025e-01
,,2.343488697740e-10,5.001765861834e-01
,,2.344088817764e-10,5.004851685889e-01
,,2.344688937788e-10,5.007932125311e-01
,,2.345289057812e-10,5.011007194163e-01
,,2.345889177836e-10,5.014076906451e-01
,,2.346489297860e-10,5.017141276126e-01
,,2.347089417884e-10,5.020200317078e-01
,,2.347689537908e-10,5.023254043144e-01
,,2.348289657932e-10,5.026302468103e-01
,,2.348889777956e-10,5.029345605679e-01
,,2.349489897980e-10,5.032383469539e-01
,,2.350090018004e-10,5.035416073297e-01
,,2.350690138028e-10,5.038443430511e-01
,,2.351290258052e-10,5.041465554684e-01
,,2.351890378076e-10,5.044482459266e-01
,,2.352490498100e-10,5.047494157651e-01
,,2.353090618124e-10,5.050500663180e-01
,,2.353690738148e-10,5.053501989143e-01
,,2.354290858172e-10,5.056498148774e-01
,,2.354890978196e-10,5.059489155256e-01
,,2.355491098220e-10,5.062475021718e-01
,,2.356091218244e-10,5.065455761239e-01
,,2.356691338268e-10,5.068431386845e-01
,,2.357291458292e-10,5.071401911509e-01
,,2.357891578316e-10,5.074367348155e-01
,,2.358491698340e-10,5.077327709656e-01
,,2.359091818364e-10,5.080283008833e-01
,,2.359691938388e-10,5.083233258456e-01
,,2.360292058412e-10,5.086178471247e-01
,,2.360892178436e-10,5.089118659877e-01
,,2.361492298460e-10,5.092053836967e-01
,,2.362092418484e-10,5.094984015091e-01
,,2.362692538508e-10,5.097909206770e-01
,,2.363292658532e-10,5.100829424480e-01
,,2.363892778556e-10,5.103744680646e-01
,,2.364492898580e-10,5.106654987647e-01
,,2.365093018604e-10,5.109560357813e-01
,,2.365693138628e-10,5.112460803425e-01
,,2.366293258652e-10,5.115356336718e-01
,,2.366893378676e-10,5.118246969881e-01
,,2.367493498700e-10,5.121132715053e-01
,,2.368093618724e-10,5.124013584329e-01
,,2.368693738748e-10,5.126889589757e-01
,,2.369293858772e-10,5.129760743339e-01
,,2.369893978796e-10,5.132627057029e-01
,,2.370494098820e-10,5.135488542739e-01
,,2.371094218844e-10,5.138345212333e-01
,,2.371694338868e-10,5.141197077630e-01
,,2.372294458892e-10,5.144044150406e-01
,,2.372894578916e-10,5.146886442390e-01
,,2.373494698940e-10,5.149723965268e-01
,,2.374094818964e-10,5.152556730681e-01
,,2.374694938988e-10,5.155384750228e-01
,,2.375295059012e-10,5.158208035462e-01
,,2.375895179036e-10,5.161026597893e-01
,,2.376495299060e-10,5.163840448988e-01
,,2.377095419084e-10,5.166649600173e-01
,,2.377695539108e-10,5.169454062827e-01
,,2.378295659132e-10,5.172253848291e-01
,,2.378895779156e-10,5.175048967860e-01
,,2.379495899180e-10,5.177839432789e-01
,,2.380096019204e-10,5.180625254291e-01
,,2.380696139228e-10,5.183406443536e-01
,,2.381296259252e-10,5.186183011654e-01
,,2.381896379276e-10,5.188954969734e-01
,,2.382496499300e-10,5.191722328823e-01
,,2.383096619324e-10,5.194485099927e-01
,,2.383696739348e-10,5.197243294012e-01
,,2.384296859372e-10,5.199996922004e-01
,,2.384896979396e-10,5.202745994788e-01
,,2.385497099420e-10,5.205490523211e-01
,,2.386097219444e-10,5.208230518077e-01
,,2.386697339468e-10,5.210965990153e-01
,,2.387297459492e-10,5.213696950167e-01
,,2.387897579516e-10,5.216423408805e-01
,,2.388497699540e-10,5.219145376718e-01
,,2.389097819564e-10,5.221862864515e-01
,,2.389697939588e-10,5.224575882768e-01
,,2.390298059612e-10,5.227284442011e-01
,,2.390898179636e-10,5.229988552739e-01
,,2.391498299660e-10,5.232688225409e-01
,,2.392098419684e-10,5.235383470442e-01
,,2.392698539708e-10,5.238074298219e-01
,,2.393298659732e-10,5.240760719086e-01
,,2.393898779756e-10,5.243442743349e-01
,,2.394498899780e-10,5.246120381281e-01
,,2.395099019804e-10,5.248793643114e-01
,,2.395699139828e-10,5.251462539047e-01
,,2.396299259852e-10,5.254127079241e-01
,,2.396899379876e-10,5.256787273819e-01
,,2.397499499900e-10,5.259443132872e-01
,,2.398099619924e-10,5.262094666452e-01
,,2.398699739948e-10,5.264741884577e-01
,,2.399299859972e-10,5.267384797227e-01
,,2.399899979996e-10,5.270023414351e-01
,,2.400500100020e-10,5.272657745859e-01
,,2.401100220044e-10,5.275287801627e-01
,,2.401700340068e-10,5.277913591498e-01
,,2.402300460092e-10,5.280535125277e-01
,,2.402900580116e-10,5.283152412739e-01
,,2.403500700140e-10,5.285765463622e-01
,,2.404100820164e-10,5.288374287628e-01
,,2.404700940188e-10,5.290978894430e-01
,,2.405301060212e-10,5.293579293663e-01
,,2.405901180236e-10,5.296175494931e-01
,,2.406501300260e-10,5.298767507803e-01
,,2.407101420284e-10,5.301355341815e-01
,,2.407701540308e-10,5.303939006472e-01
,,2.408301660332e-10,5.306518511242e-01
,,2.408901780356e-10,5.309093865563e-01
,,2.409501900380e-10,5.311665078841e-01
,,2.410102020404e-10,5.314232160448e-01
,,2.410702140428e-10,5.316795119724e-01
,,2.411302260452e-10,5.319353965978e-01
,,2.411902380476e-10,5.321908708484e-01
,,2.412502500500e-10,5.324459356489e-01
,,2.413102620524e-10,5.327005919203e-01
,,2.413702740548e-10,5.329548405808e-01
,,2.414302860572e-10,5.332086825455e-01
,,2.414902980596e-10,5.334621187261e-01
,,2.415503100620e-10,5.337151500314e-01
,,2.416103220644e-10,5.339677773670e-01
,,2.416703340668e-10,5.342200016356e-01
,,2.417303460692e-10,5.344718237366e-01
,,2.417903580716e-10,5.347232445665e-01
,,2.418503700740e-10,5.349742650188e-01
,,2.419103820764e-10,5.352248859839e-01
,,2.419703940788e-10,5.354751083491e-01
,,2.420304060812e-10,5.357249329990e-01
,,2.420904180836e-10,5.359743608150e-01
,,2.421504300860e-10,5.362233926756e-01
,,2.422104420884e-10,5.364720294563e-01
,,2.422704540908e-10,5.367202720297e-01
,,2.423304660932e-10,5.369681212657e-01
,,2.423904780956e-10,5.372155780308e-01
,,2.424504900980e-10,5.374626431891e-01
,,2.425105021004e-10,5.377093176016e-01
,,2.425705141028e-10,5.379556021265e-01
,,2.426305261052e-10,5.382014976189e-01
,,2.426905381076e-10,5.384470049316e-01
,,2.427505501100e-10,5.386921249140e-01
,,2.428105621124e-10,5.389368584130e-01
,,2.428705741148e-10,5.391812062728e-01
,,2.429305861172e-10,5.394251693344e-01
,,2.429905981196e-10,5.396687484365e-01
,,2.430506101220e-10,5.399119444148e-01
,,2.431106221244e-10,5.401547581022e-01
,,2.431706341268e-10,5.403971903291e-01
,,2.432306461292e-10,5.406392419228e-01
,,2.432906581316e-10,5.408809137083e-01
,,2.433506701340e-10,5.411222065078e-01
,,2.434106821364e-10,5.413631211406e-01
,,2.434706941388e-10,5.416036584235e-01
,,2.435307061412e-10,5.418438191706e-01
,,2.435907181436e-10,5.420836041935e-01
,,2.436507301460e-10,5.423230143010e-01
,,2.437107421484e-10,5.425620502992e-01
,,2.437707541508e-10,5.428007129919e-01
,,2.438307661532e-10,5.430390031800e-01
,,2.438907781556e-10,5.432769216619e-01
,,2.439507901580e-10,5.435144692335e-01
,,2.440108021604e-10,5.437516466881e-01
,,2.440708141628e-10,5.439884548165e-01
,,2.441308261652e-10,5.442248944068e-01
,,2.441908381676e-10,5.444609662447e-01
,,2.442508501700e-10,5.446966711133e-01
,,2.443108621724e-10,5.449320097934e-01
,,2.443708741748e-10,5.451669830631e-01
,,2.444308861772e-10,5.454015916981e-01
,,2.444908981796e-10,5.456358364716e-01
,,2.445509101820e-10,5.458697181542e-01
,,2.446109221844e-10,5.461032375144e-01
,,2.446709341868e-10,5.463363953180e-01
,,2.447309461892e-10,5.465691923284e-01
,,2.447909581916e-10,5.468016293067e-01
,,2.448509701940e-10,5.470337070114e-01
,,2.449109821964e-10,5.472654261988e-01
,,2.449709941988e-10,5.474967876227e-01
,,2.450310062012e-10,5.477277920345e-01
,,2.450910182036e-10,5.479584401834e-01
,,2.451510302060e-10,5.481887328161e-01
,,2.452110422084e-10,5.484186706771e-01
,,2.452710542108e-10,5.486482545083e-01
,,2.453310662132e-10,5.488774850495e-01
,,2.453910782156e-10,5.491063630383e-01
,,2.454510902180e-10,5.493348892096e-01
,,2.455111022204e-10,5.495630642964e-01
,,2.455711142228e-10,5.497908890292e-01
,,2.456311262252e-10,5.500183641364e-01
,,2.456911382276e-10,5.502454903439e-01
,,2.457511502300e-10,5.504722683755e-01
,,2.458111622324e-10,5.506986989529e-01
,,2.458711742348e-10,5.509247827952e-01
,,2.459311862372e-10,5.511505206196e-01
,,2.459911982396e-10,5.513759131409e-01
,,2.460512102420e-10,5.516009610719e-01
,,2.461112222444e-10,5.518256651230e-01
,,2.461712342468e-10,5.520500260026e-01
,,2.462312462492e-10,5.522740444166e-01
,,2.462912582517e-10,5.524977210692e-01
,,2.463512702541e-10,5.527210566620e-01
,,2.464112822565e-10,5.529440518948e-01
,,2.464712942589e-10,5.531667074651e-01
,,2.465313062613e-10,5.533890240683e-01
,,2.465913182637e-10,5.536110023976e-01
,,2.466513302661e-10,5.538326431442e-01
,,2.467113422685e-10,5.540539469972e-01
,,2.467713542709e-10,5.542749146436e-01
,,2.468313662733e-10,5.544955467682e-01
,,2.468913782757e-10,5.547158440538e-01
,,2.469513902781e-10,5.549358071813e-01
,,2.470114022805e-10,5.551554368293e-01
,,2.470714142829e-10,5.553747336745e-01
,,2.471314262853e-10,5.555936983914e-01
,,2.471914382877e-10,5.558123316527e-01
,,2.472514502901e-10,5.560306341289e-01
,,2.473114622925e-10,5.562486064885e-01
,,2.473714742949e-10,5.564662493982e-01
,,2.474314862973e-10,5.566835635224e-01
,,2.474914982997e-10,5.569005495237e-01
,,2.475515103021e-10,5.571172080627e-01
,,2.476115223045e-10,5.573335397980e-01
,,2.476715343069e-10,5.575495453862e-01
,,2.477315463093e-10,5.577652254821e-01
,,2.477915583117e-10,5.579805807383e-01
,,2.478515703141e-10,5.581956118057e-01
,,2.479115823165e-10,5.584103193332e-01
,,2.479715943189e-10,5.586247039677e-01
,,2.480316063213e-10,5.588387663543e-01
,,2.480916183237e-10,5.590525071360e-01
,,2.481516303261e-10,5.592659269542e-01
,,2.482116423285e-10,5.594790264481e-01
,,2.482716543309e-10,5.596918062553e-01
,,2.483316663333e-10,5.599042670113e-01
,,2.483916783357e-10,5.601164093498e-01
,,2.484516903381e-10,5.603282339028e-01
,,2.485117023405e-10,5.605397413001e-01
,,2.485717143429e-10,5.607509321700e-01
,,2.486317263453e-10,5.609618071389e-01
,,2.486917383477e-10,5.611723668311e-01
,,2.487517503501e-10,5.613826118695e-01
,,2.488117623525e-10,5.615925428748e-01
,,2.488717743549e-10,5.618021604661e-01
,,2.489317863573e-10,5.620114652607e-01
,,2.489917983597e-10,5.622204578740e-01
,,2.490518103621e-10,5.624291389197e-01
,,2.491118223645e-10,5.626375090097e-01
,,2.491718343669e-10,5.628455687542e-01
,,2.492318463693e-10,5.630533187616e-01
,,2.492918583717e-10,5.632607596383e-01
,,2.493518703741e-10,5.634678919894e-01
,,2.494118823765e-10,5.636747164179e-01
,,2.494718943789e-10,5.638812335253e-01
,,2.495319063813e-10,5.640874439111e-01
,,2.495919183837e-10,5.642933481733e-01
,,2.496519303861e-10,5.644989469082e-01
,,2.497119423885e-10,5.647042407103e-01
,,2.497719543909e-10,5.649092301724e-01
,,2.498319663933e-10,5.651139158855e-01
,,2.498919783957e-10,5.653182984393e-01
,,2.499519903981e-10,5.655223784213e-01
,,2.500120024005e-10,5.657261564178e-01
,,2.500720144029e-10,5.659296330130e-01
,,2.501320264053e-10,5.661328087899e-01
,,2.501920384077e-10,5.663356843294e-01
,,2.502520504101e-10,5.665382602111e-01
,,2.503120624125e-10,5.667405370128e-01
,,2.503720744149e-10,5.669425153106e-01
,,2.504320864173e-10,5.671441956792e-01
,,2.504920984197e-10,5.673455786913e-01
,,2.505521104221e-10,5.675466649185e-01
,,2.506121224245e-10,5.677474549303e-01
,,2.506721344269e-10,5.679479492950e-01
,,2.507321464293e-10,5.681481485790e-01
,,2.507921584317e-10,5.683480533472e-01
,,2.508521704341e-10,5.685476641630e-01
,,2.509121824365e-10,5.687469815882e-01
,,2.509721944389e-10,5.689460061829e-01
,,2.510322064413e-10,5.691447385059e-01
,,2.510922184437e-10,5.693431791141e-01
,,2.511522304461e-10,5.695413285631e-01
,,2.512122424485e-10,5.697391874068e-01
,,2.512722544509e-10,5.699367561978e-01
,,2.513322664533e-10,5.701340354869e-01
,,2.513922784557e-10,5.703310258234e-01
,,2.514522904581e-10,5.705277277553e-01
,,2.515123024605e-10,5.707241418289e-01
,,2.515723144629e-10,5.709202685889e-01
,,2.516323264653e-10,5.711161085787e-01
,,2.516923384677e-10,5.713116623402e-01
,,2.517523504701e-10,5.715069304136e-01
,,2.518123624725e-10,5.717019133378e-01
,,2.518723744749e-10,5.718966116502e-01
,,2.519323864773e-10,5.720910258866e-01
,,2.519923984797e-10,5.722851565814e-01
,,2.520524104821e-10,5.724790042676e-01
,,2.521124224845e-10,5.726725694767e-01
,,2.521724344869e-10,5.728658527387e-01
,,2.522324464893e-10,5.730588545821e-01
,,2.522924584917e-10,5.732515755342e-01
,,2.523524704941e-10,5.734440161207e-01
,,2.524124824965e-10,5.736361768657e-01
,,2.524724944989e-10,5.738280582922e-01
,,2.525325065013e-10,5.740196609215e-01
,,2.525925185037e-10,5.742109852738e-01
,,2.526525305061e-10,5.744020318675e-01
,,2.527125425085e-10,5.745928012199e-01
,,2.527725545109e-10,5.747832938468e-01
,,2.528325665133e-10,5.749735102625e-01
,,2.528925785157e-10,5.751634509802e-01
,,2.529525905181e-10,5.753531165113e-01
,,2.530126025205e-10,5.755425073662e-01
,,2.530726145229e-10,5.757316240538e-01
,,2.531326265253e-10,5.759204670815e-01
,,2.531926385277e-10,5.761090369555e-01
,,2.532526505301e-10,5.762973341806e-01
,,2.533126625325e-10,5.764853592602e-01
,,2.533726745349e-10,5.766731126964e-01
,,2.534326865373e-10,5.768605949900e-01
,,2.534926985397e-10,5.770478066403e-01
,,2.535527105421e-10,5.772347481454e-01
,,2.536127225445e-10,5.774214200021e-01
,,2.536727345469e-10,5.776078227058e-01
,,2.537327465493e-10,5.777939567505e-01
,,2.537927585517e-10,5.779798226292e-01
,,2.538527705541e-10,5.781654208332e-01
,,2.539127825565e-10,5.783507518527e-01
,,2.539727945589e-10,5.785358161767e-01
,,2.540328065613e-10,5.787206142926e-01
,,2.540928185637e-10,5.789051466869e-01
,,2.541528305661e-10,5.790894138445e-01
,,2.542128425685e-10,5.792734162491e-01
,,2.542728545709e-10,5.794571543832e-01
,,2.543328665733e-10,5.796406287280e-01
,,2.543928785757e-10,5.798238397634e-01
,,2.544528905781e-10,5.800067879681e-01
,,2.545129025805e-10,5.801894738194e-01
,,2.545729145829e-10,5.803718977935e-01
,,2.546329265853e-10,5.805540603654e-01
,,2.546929385877e-10,5.807359620086e-01
,,2.547529505901e-10,5.809176031956e-01
,,2.548129625925e-10,5.810989843976e-01
,,2.548729745949e-10,5.812801060846e-01
,,2.549329865973e-10,5.814609687253e-01
,,2.549929985997e-10,5.816415727871e-01
,,2.550530106021e-10,5.818219187364e-01
,,2.551130226045e-10,5.820020070383e-01
,,2.551730346069e-10,5.821818381567e-01
,,2.552330466093e-10,5.823614125541e-01
,,2.552930586117e-10,5.825407306922e-01
,,2.553530706141e-10,5.827197930312e-01
,,2.554130826165e-10,5.828986000301e-01
,,2.554730946189e-10,5.830771521470e-01
,,2.555331066213e-10,5.832554498384e-01
,,2.555931186237e-10,5.834334935600e-01
,,2.556531306261e-10,5.836112837661e-01
,,2.557131426285e-10,5.837888209100e-01
,,2.557731546309e-10,5.839661054436e-01
,,2.558331666333e-10,5.841431378179e-01
,,2.558931786357e-10,5.843199184826e-01
,,2.559531906381e-10,5.844964478862e-01
,,2.560132026405e-10,5.846727264762e-01
,,2.560732146429e-10,5.848487546988e-01
,,2.561332266453e-10,5.850245329992e-01
,,2.561932386477e-10,5.852000618214e-01
,,2.562532506501e-10,5.853753416083e-01
,,2.563132626525e-10,5.855503728016e-01
,,2.563732746549e-10,5.857251558419e-01
,,2.564332866573e-10,5.858996911687e-01
,,2.564932986597e-10,5.860739792204e-01
,,2.565533106621e-10,5.862480204343e-01
,,2.566133226645e-10,5.864218152465e-01
,,2.566733346669e-10,5.865953640921e-01
,,2.567333466693e-10,5.867686674051e-01
,,2.567933586717e-10,5.869417256182e-01
,,2.568533706741e-10,5.871145391634e-01
,,2.569133826765e-10,5.872871084711e-01
,,2.569733946789e-10,5.874594339711e-01
,,2.570334066813e-10,5.876315160919e-01
,,2.570934186837e-10,5.878033552608e-01
,,2.571534306861e-10,5.879749519043e-01
,,2.572134426885e-10,5.881463064476e-01
,,2.572734546909e-10,5.883174193149e-01
,,2.573334666933e-10,5.884882909294e-01
,,2.573934786957e-10,5.886589217133e-01
,,2.574534906981e-10,5.888293120875e-01
,,2.575135027005e-10,5.889994624720e-01
,,2.575735147029e-10,5.891693732859e-01
,,2.576335267053e-10,5.893390449469e-01
,,2.576935387077e-10,5.895084778719e-01
,,2.577535507101e-10,5.896776724769e-01
,,2.578135627125e-10,5.898466291764e-01
,,2.578735747149e-10,5.900153483844e-01
,,2.579335867173e-10,5.901838305135e-01
,,2.579935987197e-10,5.903520759755e-01
,,2.580536107221e-10,5.905200851810e-01
,,2.581136227245e-10,5.906878585397e-01
,,2.581736347269e-10,5.908553964602e-01
,,2.582336467293e-10,5.910226993503e-01
,,2.582936587317e-10,5.911897676165e-01
,,2.583536707341e-10,5.913566016645e-01
,,2.584136827365e-10,5.915232018989e-01
,,2.584736947389e-10,5.916895687234e-01
,,2.585337067413e-10,5.918557025407e-01
,,2.585937187437e-10,5.920216037523e-01
,,2.586537307461e-10,5.921872727590e-01
,,2.587137427485e-10,5.923527099605e-01
,,2.587737547510e-10,5.925179157554e-01
,,2.588337667534e-10,5.926828905416e-01
,,2.588937787558e-10,5.928476347158e-01
,,2.589537907582e-10,5.930121486738e-01
,,2.590138027606e-10,5.931764328104e-01
,,2.590738147630e-10,5.933404875195e-01
,,2.591338267654e-10,5.935043131941e-01
,,2.591938387678e-10,5.936679102260e-01
,,2.592538507702e-10,5.938312790063e-01
,,2.593138627726e-10,5.939944199250e-01
,,2.593738747750e-10,5.941573333713e-01
,,2.594338867774e-10,5.943200197332e-01
,,2.594938987798e-10,5.944824793981e-01
,,2.595539107822e-10,5.946447127522e-01
,,2.596139227846e-10,5.948067201809e-01
,,2.596739347870e-10,5.949685020686e-01
,,2.597339467894e-10,5.951300587988e-01
,,2.597939587918e-10,5.952913907540e-01
,,2.598539707942e-10,5.954524983159e-01
,,2.599139827966e-10,5.956133818653e-01
,,2.599739947990e-10,5.957740417819e-01
,,2.600340068014e-10,5.959344784447e-01
,,2.600940188038e-10,5.960946922316e-01
,,2.601540308062e-10,5.962546835198e-01
,,2.602140428086e-10,5.964144526854e-01
,,2.602740548110e-10,5.965740001036e-01
,,2.603340668134e-10,5.967333261490e-01
,,2.603940788158e-10,5.968924311949e-01
,,2.604540908182e-10,5.970513156141e-01
,,2.605141028206e-10,5.972099797781e-01
,,2.605741148230e-10,5.973684240578e-01
,,2.606341268254e-10,5.975266488231e-01
,,2.606941388278e-10,5.976846544432e-01
,,2.607541508302e-10,5.978424412862e-01
,,2.608141628326e-10,5.980000097194e-01
,,2.608741748350e-10,5.981573601093e-01
,,2.609341868374e-10,5.983144928213e-01
,,2.609941988398e-10,5.984714082203e-01
,,2.610542108422e-10,5.986281066701e-01
,,2.611142228446e-10,5.987845885336e-01
,,2.611742348470e-10,5.989408541730e-01
,,2.612342468494e-10,5.990969039496e-01
,,2.612942588518e-10,5.992527382237e-01
,,2.613542708542e-10,5.994083573549e-01
,,2.614142828566e-10,5.995637617020e-01
,,2.614742948590e-10,5.997189516229e-01
,,2.615343068614e-10,5.998739274745e-01
,,2.615943188638e-10,6.000286896132e-01
,,2.616543308662e-10,6.001832383942e-01
,,2.617143428686e-10,6.003375741720e-01
,,2.617743548710e-10,6.004916973005e-01
,,2.618343668734e-10,6.006456081324e-01
,,2.618943788758e-10,6.007993070198e-01
,,2.619543908782e-10,6.009527943140e-01
,,2.620144028806e-10,6.011060703654e-01
,,2.620744148830e-10,6.012591355235e-01
,,2.621344268854e-10,6.014119901371e-01
,,2.621944388878e-10,6.015646345542e-01
,,2.622544508902e-10,6.017170691220e-01
,,2.623144628926e-10,6.018692941868e-01
,,2.623744748950e-10,6.020213100942e-01
,,2.624344868974e-10,6.021731171889e-01
,,2.624944988998e-10,6.023247158148e-01
,,2.625545109022e-10,6.024761063152e-01
,,2.626145229046e-10,6.026272890323e-01
,,2.626745349070e-10,6.027782643078e-01
,,2.627345469094e-10,6.029290324824e-01
,,2.627945589118e-10,6.030795938961e-01
,,2.628545709142e-10,6.032299488881e-01
,,2.629145829166e-10,6.033800977969e-01
,,2.629745949190e-10,6.035300409601e-01
,,2.630346069214e-10,6.036797787145e-01
,,2.630946189238e-10,6.038293113964e-01
,,2.631546309262e-10,6.039786393409e-01
,,2.632146429286e-10,6.041277628828e-01
,,2.632746549310e-10,6.042766823557e-01
,,2.633346669334e-10,6.044253980926e-01
,,2.633946789358e-10,6.045739104260e-01
,,2.634546909382e-10,6.047222196872e-01
,,2.635147029406e-10,6.048703262070e-01
,,2.635747149430e-10,6.050182303155e-01
,,2.636347269454e-10,6.051659323418e-01
,,2.636947389478e-10,6.053134326145e-01
,,2.637547509502e-10,6.054607314613e-01
,,2.638147629526e-10,6.056078292092e-01
,,2.638747749550e-10,6.057547261844e-01
,,2.639347869574e-10,6.059014227125e-01
,,2.639947989598e-10,6.060479191184e-01
,,2.640548109622e-10,6.061942157259e-01
,,2.641148229646e-10,6.063403128584e-01
,,2.641748349670e-10,6.064862108386e-01
,,2.642348469694e-10,6.066319099882e-01
,,2.642948589718e-10,6.067774106283e-01
,,2.643548709742e-10,6.069227130795e-01
,,2.644148829766e-10,6.070678176613e-01
,,2.644748949790e-10,6.072127246927e-01
,,2.645349069814e-10,6.073574344919e-01
,,2.645949189838e-10,6.075019473765e-01
,,2.646549309862e-10,6.076462636633e-01
,,2.647149429886e-10,6.077903836683e-01
,,2.647749549910e-10,6.079343077071e-01
,,2.648349669934e-10,6.080780360941e-01
,,2.648949789958e-10,6.082215691435e-01
,,2.649549909982e-10,6.083649071684e-01
,,2.650150030006e-10,6.085080504816e-01
,,2.650750150030e-10,6.086509993947e-01
,,2.651350270054e-10,6.087937542191e-01
,,2.651950390078e-10,6.089363152652e-01
,,2.652550510102e-10,6.090786828427e-01
,,2.653150630126e-10,6.092208572609e-01
,,2.653750750150e-10,6.093628388281e-01
,,2.654350870174e-10,6.095046278520e-01
,,2.654950990198e-10,6.096462246396e-01
,,2.655551110222e-10,6.097876294975e-01
,,2.656151230246e-10,6.099288427311e-01
,,2.656751350270e-10,6.100698646456e-01
,,2.657351470294e-10,6.102106955452e-01
,,2.657951590318e-10,6.103513357337e-01
,,2.658551710342e-10,6.104917855139e-01
,,2.659151830366e-10,6.106320451883e-01
,,2.659751950390e-10,6.107721150584e-01
,,2.660352070414e-10,6.109119954253e-01
,,2.660952190438e-10,6.110516865893e-01
,,2.661552310462e-10,6.111911888500e-01
,,2.662152430486e-10,6.113305025064e-01
,,2.662752550510e-10,6.114696278569e-01
,,2.663352670534e-10,6.116085651991e-01
,,2.663952790558e-10,6.117473148302e-01
,,2.664552910582e-10,6.118858770464e-01
,,2.665153030606e-10,6.120242521435e-01
,,2.665753150630e-10,6.121624404166e-01
,,2.666353270654e-10,6.123004421602e-01
,,2.666953390678e-10,6.124382576679e-01
,,2.667553510702e-10,6.125758872331e-01
,,2.668153630726e-10,6.127133311481e-01
,,2.668753750750e-10,6.128505897049e-01
,,2.669353870774e-10,6.129876631947e-01
,,2.669953990798e-10,6.131245519081e-01
,,2.670554110822e-10,6.132612561350e-01
,,2.671154230846e-10,6.133977761649e-01
,,2.671754350870e-10,6.135341122865e-01
,,2.672354470894e-10,6.136702647877e-01
,,2.672954590918e-10,6.138062339562e-01
,,2.673554710942e-10,6.139420200786e-01
,,2.674154830966e-10,6.140776234413e-01
,,2.674754950990e-10,6.142130443299e-01
,,2.675355071014e-10,6.143482830292e-01
,,2.675955191038e-10,6.144833398238e-01
,,2.676555311062e-10,6.146182149972e-01
,,2.677155431086e-10,6.147529088328e-01
,,2.677755551110e-10,6.148874216129e-01
,,2.678355671134e-10,6.150217536196e-01
,,2.678955791158e-10,6.151559051341e-01
,,2.679555911182e-10,6.152898764371e-01
,,2.680156031206e-10,6.154236678088e-01
,,2.680756151230e-10,6.155572795286e-01
,,2.681356271254e-10,6.156907118754e-01
,,2.681956391278e-10,6.158239651276e-01
,,2.682556511302e-10,6.159570395629e-01
,,2.683156631326e-10,6.160899354584e-01
,,2.683756751350e-10,6.162226530905e-01
,,2.684356871374e-10,6.163551927353e-01
,,2.684956991398e-10,6.164875546680e-01
,,2.685557111422e-10,6.166197391635e-01
,,2.686157231446e-10,6.167517464959e-01
,,2.686757351470e-10,6.168835769387e-01
,,2.687357471494e-10,6.170152307650e-01
,,2.687957591518e-10,6.171467082472e-01
,,2.688557711542e-10,6.172780096571e-01
,,2.689157831566e-10,6.174091352660e-01
,,2.689757951590e-10,6.175400853447e-01
,,2.690358071614e-10,6.176708601631e-01
,,2.690958191638e-10,6.178014599908e-01
,,2.691558311662e-10,6.179318850969e-01
,,2.692158431686e-10,6.180621357496e-01
,,2.692758551710e-10,6.181922122169e-01
,,2.693358671734e-10,6.183221147660e-01
,,2.693958791758e-10,6.184518436636e-01
,,2.694558911782e-10,6.185813991759e-01
,,2.695159031806e-10,6.187107815684e-01
,,2.695759151830e-10,6.188399911061e-01
,,2.696359271854e-10,6.189690280536e-01
,,2.696959391878e-10,6.190978926746e-01
,,2.697559511902e-10,6.192265852326e-01
,,2.698159631926e-10,6.193551059904e-01
,,2.698759751950e-10,6.194834552102e-01
,,2.699359871974e-10,6.196116331536e-01
,,2.699959991998e-10,6.197396400820e-01
,,2.700560112022e-10,6.198674762557e-01
,,2.701160232046e-10,6.199951419350e-01
,,2.701760352070e-10,6.201226373792e-01
,,2.702360472094e-10,6.202499628474e-01
,,2.702960592118e-10,6.203771185981e-01
,,2.703560712142e-10,6.205041048890e-01
,,2.704160832166e-10,6.206309219775e-01
,,2.704760952190e-10,6.207575701205e-01
,,2.705361072214e-10,6.208840495743e-01
,,2.705961192238e-10,6.210103605945e-01
,,2.706561312262e-10,6.211365034364e-01
,,2.707161432286e-10,6.212624783547e-01
,,2.707761552310e-10,6.213882856035e-01
,,2.708361672334e-10,6.215139254365e-01
,,2.708961792358e-10,6.216393981068e-01
,,2.709561912382e-10,6.217647038668e-01
,,2.710162032406e-10,6.218898429688e-01
,,2.710762152430e-10,6.220148156642e-01
,,2.711362272454e-10,6.221396222041e-01
,,2.711962392478e-10,6.222642628389e-01
,,2.712562512503e-10,6.223887378186e-01
,,2.713162632527e-10,6.225130473927e-01
,,2.713762752551e-10,6.226371918101e-01
,,2.714362872575e-10,6.227611713193e-01
,,2.714962992599e-10,6.228849861682e-01
,,2.715563112623e-10,6.230086366042e-01
,,2.716163232647e-10,6.231321228742e-01
,,2.716763352671e-10,6.232554452247e-01
,,2.717363472695e-10,6.233786039014e-01
,,2.717963592719e-10,6.235015991499e-01
,,2.718563712743e-10,6.236244312149e-01
,,2.719163832767e-10,6.237471003409e-01
,,2.719763952791e-10,6.238696067718e-01
,,2.720364072815e-10,6.239919507510e-01
,,2.720964192839e-10,6.241141325212e-01
,,2.721564312863e-10,6.242361523250e-01
,,2.722164432887e-10,6.243580104043e-01
,,2.722764552911e-10,6.244797070003e-01
,,2.723364672935e-10,6.246012423542e-01
,,2.723964792959e-10,6.247226167062e-01
,,2.724564912983e-10,6.248438302963e-01
,,2.725165033007e-10,6.249648833640e-01
,,2.725765153031e-10,6.250857761482e-01
,,2.726365273055e-10,6.252065088874e-01
,,2.726965393079e-10,6.253270818197e-01
,,2.727565513103e-10,6.254474951824e-01
,,2.728165633127e-10,6.255677492126e-01
,,2.728765753151e-10,6.256878441470e-01
,,2.729365873175e-10,6.258077802214e-01
,,2.729965993199e-10,6.259275576717e-01
,,2.730566113223e-10,6.260471767328e-01
,,2.731166233247e-10,6.261666376393e-01
,,2.731766353271e-10,6.262859406256e-01
,,2.732366473295e-10,6.264050859253e-01
,,2.732966593319e-10,6.265240737715e-01
,,2.733566713343e-10,6.266429043971e-01
,,2.734166833367e-10,6.267615780343e-01
,,2.734766953391e-10,6.268800949151e-01
,,2.735367073415e-10,6.269984552706e-01
,,2.735967193439e-10,6.271166593319e-01
,,2.736567313463e-10,6.272347073293e-01
,,2.737167433487e-10,6.273525994928e-01
,,2.737767553511e-10,6.274703360519e-01
,,2.738367673535e-10,6.275879172357e-01
,,2.738967793559e-10,6.277053432728e-01
,,2.739567913583e-10,6.278226143912e-01
,,2.740168033607e-10,6.279397308187e-01
,,2.740768153631e-10,6.280566927825e-01
,,2.741368273655e-10,6.281735005094e-01
,,2.741968393679e-10,6.282901542256e-01
,,2.742568513703e-10,6.284066541571e-01
,,2.743168633727e-10,6.285230005292e-01
,,2.743768753751e-10,6.286391935669e-01
,,2.744368873775e-10,6.287552334948e-01
,,2.744968993799e-10,6.288711205369e-01
,,2.745569113823e-10,6.289868549168e-01
,,2.746169233847e-10,6.291024368578e-01
,,2.746769353871e-10,6.292178665825e-01
,,2.747369473895e-10,6.293331443133e-01
,,2.747969593919e-10,6.294482702721e-01
,,2.748569713943e-10,6.295632446802e-01
,,2.749169833967e-10,6.296780677587e-01
,,2.749769953991e-10,6.297927397280e-01
,,2.750370074015e-10,6.299072608084e-01
,,2.750970194039e-10,6.300216312195e-01
,,2.751570314063e-10,6.301358511805e-01
,,2.752170434087e-10,6.302499209102e-01
,,2.752770554111e-10,6.303638406271e-01
,,2.753370674135e-10,6.304776105491e-01
,,2.753970794159e-10,6.305912308936e-01
,,2.754570914183e-10,6.307047018779e-01
,,2.755171034207e-10,6.308180237186e-01
,,2.755771154231e-10,6.309311966318e-01
,,2.756371274255e-10,6.310442208336e-01
,,2.756971394279e-10,6.311570965391e-01
,,2.757571514303e-10,6.312698239635e-01
,,2.758171634327e-10,6.313824033213e-01
,,2.758771754351e-10,6.314948348266e-01
,,2.759371874375e-10,6.316071186931e-01
,,2.759971994399e-10,6.317192551341e-01
,,2.760572114423e-10,6.318312443626e-01
,,2.761172234447e-10,6.319430865909e-01
,,2.761772354471e-10,6.320547820312e-01
,,2.762372474495e-10,6.321663308951e-01
,,2.762972594519e-10,6.322777333937e-01
,,2.763572714543e-10,6.323889897380e-01
,,2.764172834567e-10,6.325001001384e-01
,,2.764772954591e-10,6.326110648048e-01
,,2.765373074615e-10,6.327218839468e-01
,,2.765973194639e-10,6.328325577736e-01
,,2.766573314663e-10,6.329430864940e-01
,,2.767173434687e-10,6.330534703164e-01
,,2.767773554711e-10,6.331637094488e-01
,,2.768373674735e-10,6.332738040986e-01
,,2.768973794759e-10,6.333837544732e-01
,,2.769573914783e-10,6.334935607792e-01
,,2.770174034807e-10,6.336032232230e-01
,,2.770774154831e-10,6.337127420106e-01
,,2.771374274855e-10,6.338221173475e-01
,,2.771974394879e-10,6.339313494390e-01
,,2.772574514903e-10,6.340404384898e-01
,,2.773174634927e-10,6.341493847044e-01
,,2.773774754951e-10,6.342581882866e-01
,,2.774374874975e-10,6.343668494401e-01
,,2.774974994999e-10,6.344753683681e-01
,,2.775575115023e-10,6.345837452735e-01
,,2.776175235047e-10,6.346919803586e-01
,,2.776775355071e-10,6.348000738255e-01
,,2.777375475095e-10,6.349080258759e-01
,,2.777975595119e-10,6.350158367111e-01
,,2.778575715143e-10,6.351235065318e-01
,,2.779175835167e-10,6.352310355387e-01
,,2.779775955191e-10,6.353384239318e-01
,,2.780376075215e-10,6.354456719108e-01
,,2.780976195239e-10,6.355527796752e-01
,,2.781576315263e-10,6.356597474239e-01
,,2.782176435287e-10,6.357665753555e-01
,,2.782776555311e-10,6.358732636682e-01
,,2.783376675335e-10,6.359798125598e-01
,,2.783976795359e-10,6.360862222278e-01
,,2.784576915383e-10,6.361924928693e-01
,,2.785177035407e-10,6.362986246810e-01
,,2.785777155431e-10,6.364046178593e-01
,,2.786377275455e-10,6.365104726000e-01
,,2.786977395479e-10,6.366161890989e-01
,,2.787577515503e-10,6.367217675511e-01
,,2.788177635527e-10,6.368272081515e-01
,,2.788777755551e-10,6.369325110945e-01
,,2.789377875575e-10,6.370376765743e-01
,,2.789977995599e-10,6.371427047846e-01
,,2.790578115623e-10,6.372475959188e-01
,,2.791178235647e-10,6.373523501700e-01
,,2.791778355671e-10,6.374569677307e-01
,,2.792378475695e-10,6.375614487934e-01
,,2.792978595719e-10,6.376657935498e-01
,,2.793578715743e-10,6.377700021916e-01
,,2.794178835767e-10,6.378740749099e-01
,,2.794778955791e-10,6.379780118957e-01
,,2.795379075815e-10,6.380818133394e-01
,,2.795979195839e-10,6.381854794311e-01
,,2.796579315863e-10,6.382890103606e-01
,,2.797179435887e-10,6.383924063174e-01
,,2.797779555911e-10,6.384956674904e-01
,,2.798379675935e-10,6.385987940685e-01
,,2.798979795959e-10,6.387017862399e-01
,,2.799579915983e-10,6.388046441926e-01
,,2.800180036007e-10,6.389073681144e-01
,,2.800780156031e-10,6.390099581924e-01
,,2.801380276055e-10,6.391124146137e-01
,,2.801980396079e-10,6.392147375648e-01
,,2.802580516103e-10,6.393169272321e-01
,,2.803180636127e-10,6.394189838013e-01
,,2.803780756151e-10,6.395209074581e-01
,,2.804380876175e-10,6.396226983877e-01
,,2.804980996199e-10,6.397243567749e-01
,,2.805581116223e-10,6.398258828043e-01
,,2.806181236247e-10,6.399272766600e-01
,,2.806781356271e-10,6.400285385259e-01
,,2.807381476295e-10,6.401296685855e-01
,,2.807981596319e-10,6.402306670220e-01
,,2.808581716343e-10,6.403315340180e-01
,,2.809181836367e-10,6.404322697563e-01
,,2.809781956391e-10,6.405328744188e-01
,,2.810382076415e-10,6.406333481873e-01
,,2.810982196439e-10,6.407336912434e-01
,,2.811582316463e-10,6.408339037682e-01
,,2.812182436487e-10,6.409339859425e-01
,,2.812782556511e-10,6.410339379467e-01
,,2.813382676535e-10,6.411337599609e-01
,,2.813982796559e-10,6.412334521651e-01
,,2.814582916583e-10,6.413330147385e-01
,,2.815183036607e-10,6.414324478604e-01
,,2.815783156631e-10,6.415317517096e-01
,,2.816383276655e-10,6.416309264645e-01
,,2.816983396679e-10,6.417299723034e-01
,,2.817583516703e-10,6.418288894039e-01
,,2.818183636727e-10,6.419276779437e-01
,,2.818783756751e-10,6.420263380998e-01
,,2.819383876775e-10,6.421248700491e-01
,,2.819983996799e-10,6.422232739683e-01
,,2.820584116823e-10,6.423215500333e-01
,,2.821184236847e-10,6.424196984202e-01
,,2.821784356871e-10,6.425177193044e-01
,,2.822384476895e-10,6.426156128612e-01
,,2.822984596919e-10,6.427133792656e-01
,,2.823584716943e-10,6.428110186920e-01
,,2.824184836967e-10,6.429085313148e-01
,,2.824784956991e-10,6.430059173080e-01
,,2.825385077015e-10,6.431031768451e-01
,,2.825985197039e-10,6.432003100995e-01
,,2.826585317063e-10,6.432973172442e-01
,,2.827185437087e-10,6.433941984519e-01
,,2.827785557111e-10,6.434909538950e-01
,,2.828385677135e-10,6.435875837454e-01
,,2.828985797159e-10,6.436840881751e-01
,,2.829585917183e-10,6.437804673554e-01
,,2.830186037207e-10,6.438767214574e-01
,,2.830786157231e-10,6.439728506520e-01
,,2.831386277255e-10,6.440688551096e-01
,,2.831986397279e-10,6.441647350006e-01
,,2.832586517303e-10,6.442604904947e-01
,,2.833186637327e-10,6.443561217615e-01
,,2.833786757351e-10,6.444516289703e-01
,,2.834386877375e-10,6.445470122902e-01
,,2.834986997399e-10,6.446422718897e-01
,,2.835587117423e-10,6.447374079372e-01
,,2.836187237447e-10,6.448324206009e-01
,,2.836787357471e-10,6.449273100483e-01
,,2.837387477495e-10,6.450220764471e-01
,,2.837987597520e-10,6.451167199642e-01
,,2.838587717544e-10,6.452112407667e-01
,,2.839187837568e-10,6.453056390210e-01
,,2.839787957592e-10,6.453999148934e-01
,,2.840388077616e-10,6.454940685499e-01
,,2.840988197640e-10,6.455881001560e-01
,,2.841588317664e-10,6.456820098772e-01
,,2.842188437688e-10,6.457757978786e-01
,,2.842788557712e-10,6.458694643248e-01
,,2.843388677736e-10,6.459630093803e-01
,,2.843988797760e-10,6.460564332094e-01
,,2.844588917784e-10,6.461497359759e-01
,,2.845189037808e-10,6.462429178434e-01
,,2.845789157832e-10,6.463359789752e-01
,,2.846389277856e-10,6.464289195343e-01
,,2.846989397880e-10,6.465217396834e-01
,,2.847589517904e-10,6.466144395850e-01
,,2.848189637928e-10,6.467070194011e-01
,,2.848789757952e-10,6.467994792937e-01
,,2.849389877976e-10,6.468918194242e-01
,,2.849989998000e-10,6.469840399539e-01
,,2.850590118024e-10,6.470761410439e-01
,,2.851190238048e-10,6.471681228548e-01
,,2.851790358072e-10,6.472599855470e-01
,,2.852390478096e-10,6.473517292807e-01
,,2.852990598120e-10,6.474433542157e-01
,,2.853590718144e-10,6.475348605116e-01
,,2.854190838168e-10,6.476262483275e-01
,,2.854790958192e-10,6.477175178227e-01
,,2.855391078216e-10,6.478086691556e-01
,,2.855991198240e-10,6.478997024848e-01
,,2.856591318264e-10,6.479906179684e-01
,,2.857191438288e-10,6.480814157644e-01
,,2.857791558312e-10,6.481720960302e-01
,,2.858391678336e-10,6.482626589232e-01
,,2.858991798360e-10,6.483531046004e-01
,,2.859591918384e-10,6.484434332187e-01
,,2.860192038408e-10,6.485336449344e-01
,,2.860792158432e-10,6.486237399037e-01
,,2.861392278456e-10,6.487137182827e-01
,,2.861992398480e-10,6.488035802270e-01
,,2.862592518504e-10,6.488933258920e-01
,,2.863192638528e-10,6.489829554327e-01
,,2.863792758552e-10,6.490724690040e-01
,,2.864392878576e-10,6.491618667604e-01
,,2.864992998600e-10,6.492511488564e-01
,,2.865593118624e-10,6.493403154458e-01
,,2.866193238648e-10,6.494293666825e-01
,,2.866793358672e-10,6.495183027199e-01
,,2.867393478696e-10,6.496071237113e-01
,,2.867993598720e-10,6.496958298096e-01
,,2.868593718744e-10,6.497844211675e-01
,,2.869193838768e-10,6.498728979373e-01
,,2.869793958792e-10,6.499612602713e-01
,,2.870394078816e-10,6.500495083214e-01
,,2.870994198840e-10,6.501376422390e-01
,,2.871594318864e-10,6.502256621757e-01
,,2.872194438888e-10,6.503135682825e-01
,,2.872794558912e-10,6.504013607101e-01
,,2.873394678936e-10,6.504890396093e-01
,,2.873994798960e-10,6.505766051302e-01
,,2.874594918984e-10,6.506640574230e-01
,,2.875195039008e-10,6.507513966373e-01
,,2.875795159032e-10,6.508386229228e-01
,,2.876395279056e-10,6.509257364286e-01
,,2.876995399080e-10,6.510127373038e-01
,,2.877595519104e-10,6.510996256972e-01
,,2.878195639128e-10,6.511864017571e-01
,,2.878795759152e-10,6.512730656319e-01
,,2.879395879176e-10,6.513596174695e-01
,,2.879995999200e-10,6.514460574176e-01
,,2.880596119224e-10,6.515323856237e-01
,,2.881196239248e-10,6.516186022349e-01
,,2.881796359272e-10,6.517047073983e-01
,,2.882396479296e-10,6.517907012606e-01
,,2.882996599320e-10,6.518765839680e-01
,,2.883596719344e-10,6.519623556670e-01
,,2.884196839368e-10,6.520480165033e-01
,,2.884796959392e-10,6.521335666228e-01
,,2.885397079416e-10,6.522190061707e-01
,,2.885997199440e-10,6.523043352924e-01
,,2.886597319464e-10,6.523895541327e-01
,,2.887197439488e-10,6.524746628363e-01
,,2.887797559512e-10,6.525596615477e-01
,,2.888397679536e-10,6.526445504111e-01
,,2.888997799560e-10,6.527293295703e-01
,,2.889597919584e-10,6.528139991692e-01
,,2.890198039608e-10,6.528985593511e-01
,,2.890798159632e-10,6.529830102593e-01
,,2.891398279656e-10,6.530673520366e-01
,,2.891998399680e-10,6.531515848259e-01
,,2.892598519704e-10,6.532357087696e-01
,,2.893198639728e-10,6.533197240099e-01
,,2.893798759752e-10,6.534036306888e-01
,,2.894398879776e-10,6.534874289480e-01
,,2.894998999800e-10,6.535711189291e-01
,,2.895599119824e-10,6.536547007733e-01
,,2.896199239848e-10,6.537381746215e-01
,,2.896799359872e-10,6.538215406147e-01
,,2.897399479896e-10,6.539047988933e-01
,,2.897999599920e-10,6.539879495976e-01
,,2.898599719944e-10,6.540709928677e-01
,,2.899199839968e-10,6.541539288434e-01
,,2.899799959992e-10,6.542367576642e-01
,,2.900400080016e-10,6.543194794696e-01
,,2.901000200040e-10,6.544020943987e-01
,,2.901600320064e-10,6.544846025902e-01
,,2.902200440088e-10,6.545670041829e-01
,,2.902800560112e-10,6.546492993151e-01
,,2.903400680136e-10,6.547314881250e-01
,,2.904000800160e-10,6.548135707505e-01
,,2.904600920184e-10,6.548955473294e-01
,,2.905201040208e-10,6.549774179992e-01
,,2.905801160232e-10,6.550591828969e-01
,,2.906401280256e-10,6.551408421597e-01
,,2.907001400280e-10,6.552223959243e-01
,,2.907601520304e-10,6.553038443273e-01
,,2.908201640328e-10,6.553851875049e-01
,,2.908801760352e-10,6.554664255933e-01
,,2.909401880376e-10,6.555475587283e-01
,,2.910002000400e-10,6.556285870455e-01
,,2.910602120424e-10,6.557095106803e-01
,,2.911202240448e-10,6.557903297679e-01
,,2.911802360472e-10,6.558710444431e-01
,,2.912402480496e-10,6.559516548409e-01
,,2.913002600520e-10,6.560321610955e-01
,,2.913602720544e-10,6.561125633413e-01
,,2.914202840568e-10,6.561928617123e-01
,,2.914802960592e-10,6.562730563423e-01
,,2.915403080616e-10,6.563531473649e-01
,,2.916003200640e-10,6.564331349134e-01
,,2.916603320664e-10,6.565130191211e-01
,,2.917203440688e-10,6.565928001207e-01
,,2.917803560712e-10,6.566724780451e-01
,,2.918403680736e-10,6.567520530266e-01
,,2.919003800760e-10,6.568315251975e-01
,,2.919603920784e-10,6.569108946899e-01
,,2.920204040808e-10,6.569901616355e-01
,,2.920804160832e-10,6.570693261660e-01
,,2.921404280856e-10,6.571483884127e-01
,,2.922004400880e-10,6.572273485067e-01
,,2.922604520904e-10,6.573062065790e-01
,,2.923204640928e-10,6.573849627603e-01
,,2.923804760952e-10,6.574636171811e-01
,,2.924404880976e-10,6.575421699717e-01
,,2.925005001000e-10,6.576206212621e-01
,,2.925605121024e-10,6.576989711822e-01
,,2.926205241048e-10,6.577772198615e-01
,,2.926805361072e-10,6.578553674296e-01
,,2.927405481096e-10,6.579334140156e-01
,,2.928005601120e-10,6.580113597485e-01
,,2.928605721144e-10,6.580892047571e-01
,,2.929205841168e-10,6.581669491699e-01
,,2.929805961192e-10,6.582445931153e-01
,,2.930406081216e-10,6.583221367213e-01
,,2.931006201240e-10,6.583995801160e-01
,,2.931606321264e-10,6.584769234271e-01
,,2.932206441288e-10,6.585541667819e-01
,,2.932806561312e-10,6.586313103079e-01
,,2.933406681336e-10,6.587083541321e-01
,,2.934006801360e-10,6.587852983813e-01
,,2.934606921384e-10,6.588621431822e-01
,,2.935207041408e-10,6.589388886613e-01
,,2.935807161432e-10,6.590155349449e-01
,,2.936407281456e-10,6.590920821588e-01
,,2.937007401480e-10,6.591685304290e-01
,,2.937607521504e-10,6.592448798811e-01
,,2.938207641528e-10,6.593211306405e-01
,,2.938807761552e-10,6.593972828324e-01
,,2.939407881576e-10,6.594733365818e-01
,,2.940008001600e-10,6.595492920135e-01
,,2.940608121624e-10,6.596251492521e-01
,,2.941208241648e-10,6.597009084219e-01
,,2.941808361672e-10,6.597765696472e-01
,,2.942408481696e-10,6.598521330519e-01
,,2.943008601720e-10,6.599275987599e-01
,,2.943608721744e-10,6.600029668946e-01
,,2.944208841768e-10,6.600782375794e-01
,,2.944808961792e-10,6.601534109376e-01
,,2.945409081816e-10,6.602284870920e-01
,,2.946009201840e-10,6.603034661655e-01
,,2.946609321864e-10,6.603783482806e-01
,,2.947209441888e-10,6.604531335597e-01
,,2.947809561912e-10,6.605278221249e-01
,,2.948409681936e-10,6.606024140982e-01
,,2.949009801960e-10,6.606769096014e-01
,,2.949609921984e-10,6.607513087561e-01
,,2.950210042008e-10,6.608256116836e-01
,,2.950810162032e-10,6.608998185051e-01
,,2.951410282056e-10,6.609739293415e-01
,,2.952010402080e-10,6.610479443137e-01
,,2.952610522104e-10,6.611218635423e-01
,,2.953210642128e-10,6.611956871475e-01
,,2.953810762152e-10,6.612694152497e-01
,,2.954410882176e-10,6.613430479688e-01
,,2.955011002200e-10,6.614165854247e-01
,,2.955611122224e-10,6.614900277368e-01
,,2.956211242248e-10,6.615633750247e-01
,,2.956811362272e-10,6.616366274076e-01
,,2.957411482296e-10,6.617097850044e-01
,,2.958011602320e-10,6.617828479341e-01
,,2.958611722344e-10,6.618558163153e-01
,,2.959211842368e-10,6.619286902664e-01
,,2.959811962392e-10,6.620014699057e-01
,,2.960412082416e-10,6.620741553513e-01
,,2.961012202440e-10,6.621467467210e-01
,,2.961612322464e-10,6.622192441325e-01
,,2.962212442488e-10,6.622916477034e-01
,,2.962812562513e-10,6.623639575509e-01
,,2.963412682537e-10,6.624361737922e-01
,,2.964012802561e-10,6.625082965442e-01
,,2.964612922585e-10,6.625803259236e-01
,,2.965213042609e-10,6.626522620470e-01
,,2.965813162633e-10,6.627241050308e-01
,,2.966413282657e-10,6.627958549911e-01
,,2.967013402681e-10,6.628675120440e-01
,,2.967613522705e-10,6.629390763053e-01
,,2.968213642729e-10,6.630105478905e-01
,,2.968813762753e-10,6.630819269152e-01
,,2.969413882777e-10,6.631532134946e-01
,,2.970014002801e-10,6.632244077437e-01
,,2.970614122825e-10,6.632955097774e-01
,,2.971214242849e-10,6.633665197104e-01
,,2.971814362873e-10,6.634374376574e-01
,,2.972414482897e-10,6.635082637325e-01
,,2.973014602921e-10,6.635789980499e-01
,,2.973614722945e-10,6.636496407237e-01
,,2.974214842969e-10,6.637201918675e-01
,,2.974814962993e-10,6.637906515950e-01
,,2.975415083017e-10,6.638610200197e-01
,,2.976015203041e-10,6.639312972548e-01
,,2.976615323065e-10,6.640014834133e-01
,,2.977215443089e-10,6.640715786081e-01
,,2.977815563113e-10,6.641415829519e-01
,,2.978415683137e-10,6.642114965572e-01
,,2.979015803161e-10,6.642813195365e-01
,,2.979615923185e-10,6.643510520018e-01
,,2.980216043209e-10,6.644206940652e-01
,,2.980816163233e-10,6.644902458384e-01
,,2.981416283257e-10,6.645597074331e-01
,,2.982016403281e-10,6.646290789608e-01
,,2.982616523305e-10,6.646983605327e-01
,,2.983216643329e-10,6.647675522599e-01
,,2.983816763353e-10,6.648366542534e-01
,,2.984416883377e-10,6.649056666239e-01
,,2.985017003401e-10,6.649745894819e-01
,,2.985617123425e-10,6.650434229380e-01
,,2.986217243449e-10,6.651121671023e-01
,,2.986817363473e-10,6.651808220848e-01
,,2.987417483497e-10,6.652493879955e-01
,,2.988017603521e-10,6.653178649440e-01
,,2.988617723545e-10,6.653862530399e-01
,,2.989217843569e-10,6.654545523925e-01
,,2.989817963593e-10,6.655227631110e-01
,,2.990418083617e-10,6.655908853045e-01
,,2.991018203641e-10,6.656589190818e-01
,,2.991618323665e-10,6.657268645515e-01
,,2.992218443689e-10,6.657947218222e-01
,,2.992818563713e-10,6.658624910021e-01
,,2.993418683737e-10,6.659301721995e-01
,,2.994018803761e-10,6.659977655223e-01
,,2.994618923785e-10,6.660652710783e-01
,,2.995219043809e-10,6.661326889752e-01
,,2.995819163833e-10,6.662000193205e-01
,,2.996419283857e-10,6.662672622215e-01
,,2.997019403881e-10,6.663344177854e-01
,,2.997619523905e-10,6.664014861190e-01
,,2.998219643929e-10,6.664684673293e-01
,,2.998819763953e-10,6.665353615228e-01
,,2.999419883977e-10,6.666021688060e-01
,,3.000020004001e-10,6.666688892853e-01
,,3.000620124025e-10,6.667355230667e-01
,,3.001220244049e-10,6.668020702563e-01
,,3.001820364073e-10,6.668685309599e-01
,,3.002420484097e-10,6.669349052830e-01
,,3.003020604121e-10,6.670011933313e-01
,,3.003620724145e-10,6.670673952099e-01
,,3.004220844169e-10,6.671335110242e-01
,,3.004820964193e-10,6.671995408789e-01
,,3.005421084217e-10,6.672654848790e-01
,,3.006021204241e-10,6.673313431291e-01
,,3.006621324265e-10,6.673971157338e-01
,,3.007221444289e-10,6.674628027973e-01
,,3.007821564313e-10,6.675284044238e-01
,,3.008421684337e-10,6.675939207174e-01
,,3.009021804361e-10,6.676593517818e-01
,,3.009621924385e-10,6.677246977209e-01
,,3.010222044409e-10,6.677899586380e-01
,,3.010822164433e-10,6.678551346365e-01
,,3.011422284457e-10,6.679202258198e-01
,,3.012022404481e-10,6.679852322907e-01
,,3.012622524505e-10,6.680501541523e-01
,,3.013222644529e-10,6.681149915072e-01
,,3.013822764553e-10,6.681797444580e-01
,,3.014422884577e-10,6.682444131070e-01
,,3.015023004601e-10,6.683089975567e-01
,,3.015623124625e-10,6.683734979089e-01
,,3.016223244649e-10,6.684379142658e-01
,,3.016823364673e-10,6.685022467290e-01
,,3.017423484697e-10,6.685664954001e-01
,,3.018023604721e-10,6.686306603807e-01
,,3.018623724745e-10,6.686947417721e-01
,,3.019223844769e-10,6.687587396753e-01
,,3.019823964793e-10,6.688226541914e-01
,,3.020424084817e-10,6.688864854213e-01
,,3.021024204841e-10,6.689502334655e-01
,,3.021624324865e-10,6.690138984247e-01
,,3.022224444889e-10,6.690774803992e-01
,,3.022824564913e-10,6.691409794892e-01
,,3.023424684937e-10,6.692043957948e-01
,,3.024024804961e-10,6.692677294159e-01
,,3.024624924985e-10,6.693309804523e-01
,,3.025225045009e-10,6.693941490036e-01
,,3.025825165033e-10,6.694572351691e-01
,,3.026425285057e-10,6.695202390483e-01
,,3.027025405081e-10,6.695831607402e-01
,,3.027625525105e-10,6.696460003439e-01
,,3.028225645129e-10,6.697087579583e-01
,,3.028825765153e-10,6.697714336819e-01
,,3.029425885177e-10,6.698340276133e-01
,,3.030026005201e-10,6.698965398510e-01
,,3.030626125225e-10,6.699589704931e-01
,,3.031226245249e-10,6.700213196378e-01
,,3.031826365273e-10,6.700835873830e-01
,,3.032426485297e-10,6.701457738265e-01
,,3.033026605321e-10,6.702078790659e-01
,,3.033626725345e-10,6.702699031988e-01
,,3.034226845369e-10,6.703318463224e-01
,,3.034826965393e-10,6.703937085339e-01
,,3.035427085417e-10,6.704554899305e-01
,,3.036027205441e-10,6.705171906090e-01
,,3.036627325465e-10,6.705788106662e-01
,,3.037227445489e-10,6.706403501986e-01
,,3.037827565513e-10,6.707018093027e-01
,,3.038427685537e-10,6.707631880749e-01
,,3.039027805561e-10,6.708244866112e-01
,,3.039627925585e-10,6.708857050078e-01
,,3.040228045609e-10,6.709468433605e-01
,,3.040828165633e-10,6.710079017650e-01
,,3.041428285657e-10,6.710688803169e-01
,,3.042028405681e-10,6.711297791117e-01
,,3.042628525705e-10,6.711905982445e-01
,,3.043228645729e-10,6.712513378107e-01
,,3.043828765753e-10,6.713119979051e-01
,,3.044428885777e-10,6.713725786227e-01
,,3.045029005801e-10,6.714330800581e-01
,,3.045629125825e-10,6.714935023060e-01
,,3.046229245849e-10,6.715538454607e-01
,,3.046829365873e-10,6.716141096166e-01
,,3.047429485897e-10,6.716742948678e-01
,,3.048029605921e-10,6.717344013083e-01
,,3.048629725945e-10,6.717944290320e-01
,,3.049229845969e-10,6.718543781325e-01
,,3.049829965993e-10,6.719142487036e-01
,,3.050430086017e-10,6.719740408385e-01
,,3.051030206041e-10,6.720337546306e-01
,,3.051630326065e-10,6.720933901731e-01
,,3.052230446089e-10,6.721529475589e-01
,,3.052830566113e-10,6.722124268810e-01
,,3.053430686137e-10,6.722718282321e-01
,,3.054030806161e-10,6.723311517048e-01
,,3.054630926185e-10,6.723903973915e-01
,,3.055231046209e-10,6.724495653846e-01
,,3.055831166233e-10,6.725086557762e-01
,,3.056431286257e-10,6.725676686584e-01
,,3.057031406281e-10,6.726266041231e-01
,,3.057631526305e-10,6.726854622620e-01
,,3.058231646329e-10,6.727442431669e-01
,,3.058831766353e-10,6.728029469291e-01
,,3.059431886377e-10,6.728615736400e-01
,,3.060032006401e-10,6.729201233909e-01
,,3.060632126425e-10,6.729785962729e-01
,,3.061232246449e-10,6.730369923768e-01
,,3.061832366473e-10,6.730953117935e-01
,,3.062432486497e-10,6.731535546137e-01
,,3.063032606521e-10,6.732117209278e-01
,,3.063632726545e-10,6.732698108264e-01
,,3.064232846569e-10,6.733278243997e-01
,,3.064832966593e-10,6.733857617377e-01
,,3.065433086617e-10,6.734436229306e-01
,,3.066033206641e-10,6.735014080681e-01
,,3.066633326665e-10,6.735591172400e-01
,,3.067233446689e-10,6.736167505360e-01
,,3.067833566713e-10,6.736743080454e-01
,,3.068433686737e-10,6.737317898576e-01
,,3.069033806761e-10,6.737891960618e-01
,,3.069633926785e-10,6.738465267470e-01
,,3.070234046809e-10,6.739037820023e-01
,,3.070834166833e-10,6.739609619163e-01
,,3.071434286857e-10,6.740180665778e-01
,,3.072034406881e-10,6.740750960754e-01
,,3.072634526905e-10,6.741320504973e-01
,,3.073234646929e-10,6.741889299319e-01
,,3.073834766953e-10,6.742457344674e-01
,,3.074434886977e-10,6.743024641917e-01
,,3.075035007001e-10,6.743591191927e-01
,,3.075635127025e-10,6.744156995582e-01
,,3.076235247049e-10,6.744722053758e-01
,,3.076835367073e-10,6.745286367331e-01
,,3.077435487097e-10,6.745849937173e-01
,,3.078035607121e-10,6.746412764157e-01
,,3.078635727145e-10,6.746974849154e-01
,,3.079235847169e-10,6.747536193034e-01
,,3.079835967193e-10,6.748096796665e-01
,,3.080436087217e-10,6.748656660915e-01
,,3.081036207241e-10,6.749215786650e-01
,,3.081636327265e-10,6.749774174733e-01
,,3.082236447289e-10,6.750331826030e-01
,,3.082836567313e-10,6.750888741401e-01
,,3.083436687337e-10,6.751444921707e-01
,,3.084036807361e-10,6.752000367809e-01
,,3.084636927385e-10,6.752555080564e-01
,,3.085237047409e-10,6.753109060830e-01
,,3.085837167433e-10,6.753662309462e-01
,,3.086437287457e-10,6.754214827315e-01
,,3.087037407481e-10,6.754766615242e-01
,,3.087637527506e-10,6.755317674096e-01
,,3.088237647530e-10,6.755868004726e-01
,,3.088837767554e-10,6.756417607983e-01
,,3.089437887578e-10,6.756966484714e-01
,,3.090038007602e-10,6.757514635768e-01
,,3.090638127626e-10,6.758062061989e-01
,,3.091238247650e-10,6.758608764222e-01
,,3.091838367674e-10,6.759154743310e-01
,,3.092438487698e-10,6.759700000096e-01
,,3.093038607722e-10,6.760244535421e-01
,,3.093638727746e-10,6.760788350124e-01
,,3.094238847770e-10,6.761331445043e-01
,,3.094838967794e-10,6.761873821016e-01
,,3.095439087818e-10,6.762415478879e-01
,,3.096039207842e-10,6.762956419466e-01
,,3.096639327866e-10,6.763496643611e-01
,,3.097239447890e-10,6.764036152146e-01
,,3.097839567914e-10,6.764574945902e-01
,,3.098439687938e-10,6.765113025710e-01
,,3.099039807962e-10,6.765650392397e-01
,,3.099639927986e-10,6.766187046792e-01
,,3.100240048010e-10,6.766722989720e-01
,,3.100840168034e-10,6.767258222007e-01
,,3.101440288058e-10,6.767792744476e-01
,,3.102040408082e-10,6.768326557951e-01
,,3.102640528106e-10,6.768859663252e-01
,,3.103240648130e-10,6.769392061200e-01
,,3.103840768154e-10,6.769923752614e-01
,,3.104440888178e-10,6.770454738312e-01
,,3.105041008202e-10,6.770985019110e-01
,,3.105641128226e-10,6.771514595825e-01
,,3.106241248250e-10,6.772043469270e-01
,,3.106841368274e-10,6.772571640258e-01
,,3.107441488298e-10,6.773099109603e-01
,,3.108041608322e-10,6.773625878113e-01
,,3.108641728346e-10,6.774151946599e-01
,,3.109241848370e-10,6.774677315870e-01
,,3.109841968394e-10,6.775201986733e-01
,,3.110442088418e-10,6.775725959994e-01
,,3.111042208442e-10,6.776249236457e-01
,,3.111642328466e-10,6.776771816927e-01
,,3.112242448490e-10,6.777293702206e-01
,,3.112842568514e-10,6.777814893096e-01
,,3.113442688538e-10,6.778335390397e-01
,,3.114042808562e-10,6.778855194909e-01
,,3.114642928586e-10,6.779374307428e-01
,,3.115243048610e-10,6.779892728753e-01
,,3.115843168634e-10,6.780410459679e-01
,,3.116443288658e-10,6.780927501000e-01
,,3.117043408682e-10,6.781443853510e-01
,,3.117643528706e-10,6.781959518001e-01
,,3.118243648730e-10,6.782474495264e-01
,,3.118843768754e-10,6.782988786090e-01
,,3.119443888778e-10,6.783502391266e-01
,,3.120044008802e-10,6.784015311582e-01
,,3.120644128826e-10,6.784527547823e-01
,,3.121244248850e-10,6.785039100775e-01
,,3.121844368874e-10,6.785549971223e-01
,,3.122444488898e-10,6.786060159949e-01
,,3.123044608922e-10,6.786569667736e-01
,,3.123644728946e-10,6.787078495365e-01
,,3.124244848970e-10,6.787586643615e-01
,,3.124844968994e-10,6.788094113265e-01
,,3.125445089018e-10,6.788600905094e-01
,,3.126045209042e-10,6.789107019877e-01
,,3.126645329066e-10,6.789612458389e-01
,,3.127245449090e-10,6.790117221406e-01
,,3.127845569114e-10,6.790621309701e-01
,,3.128445689138e-10,6.791124724045e-01
,,3.129045809162e-10,6.791627465209e-01
,,3.129645929186e-10,6.792129533964e-01
,,3.130246049210e-10,6.792630931078e-01
,,3.130846169234e-10,6.793131657319e-01
,,3.131446289258e-10,6.793631713453e-01
,,3.132046409282e-10,6.794131100247e-01
,,3.132646529306e-10,6.794629818463e-01
,,3.133246649330e-10,6.795127868867e-01
,,3.133846769354e-10,6.795625252219e-01
,,3.134446889378e-10,6.796121969282e-01
,,3.135047009402e-10,6.796618020815e-01
,,3.135647129426e-10,6.797113407577e-01
,,3.136247249450e-10,6.797608130327e-01
,,3.136847369474e-10,6.798102189820e-01
,,3.137447489498e-10,6.798595586813e-01
,,3.138047609522e-10,6.799088322060e-01
,,3.138647729546e-10,6.799580396316e-01
,,3.139247849570e-10,6.800071810332e-01
,,3.139847969594e-10,6.800562564861e-01
,,3.140448089618e-10,6.801052660652e-01
,,3.141048209642e-10,6.801542098454e-01
,,3.141648329666e-10,6.802030879017e-01
,,3.142248449690e-10,6.802519003088e-01
,,3.142848569714e-10,6.803006471412e-01
,,3.143448689738e-10,6.803493284735e-01
,,3.144048809762e-10,6.803979443801e-01
,,3.144648929786e-10,6.804464949352e-01
,,3.145249049810e-10,6.804949802132e-01
,,3.145849169834e-10,6.805434002880e-01
,,3.146449289858e-10,6.805917552336e-01
,,3.147049409882e-10,6.806400451241e-01
,,3.147649529906e-10,6.806882700330e-01
,,3.148249649930e-10,6.807364300342e-01
,,3.148849769954e-10,6.807845252011e-01
,,3.149449889978e-10,6.808325556072e-01
,,3.150050010002e-10,6.808805213260e-01
,,3.150650130026e-10,6.809284224306e-01
,,3.151250250050e-10,6.809762589942e-01
,,3.151850370074e-10,6.810240310899e-01
,,3.152450490098e-10,6.810717387907e-01
,,3.153050610122e-10,6.811193821693e-01
,,3.153650730146e-10,6.811669612985e-01
,,3.154250850170e-10,6.812144762511e-01
,,3.154850970194e-10,6.812619270994e-01
,,3.155451090218e-10,6.813093139159e-01
,,3.156051210242e-10,6.813566367731e-01
,,3.156651330266e-10,6.814038957431e-01
,,3.157251450290e-10,6.814510908980e-01
,,3.157851570314e-10,6.814982223100e-01
,,3.158451690338e-10,6.815452900509e-01
,,3.159051810362e-10,6.815922941925e-01
,,3.159651930386e-10,6.816392348067e-01
,,3.160252050410e-10,6.816861119650e-01
,,3.160852170434e-10,6.817329257390e-01
,,3.161452290458e-10,6.817796762000e-01
,,3.162052410482e-10,6.818263634195e-01
,,3.162652530506e-10,6.818729874687e-01
,,3.163252650530e-10,6.819195484186e-01
,,3.163852770554e-10,6.819660463404e-01
,,3.164452890578e-10,6.820124813050e-01
,,3.165053010602e-10,6.820588533831e-01
,,3.165653130626e-10,6.821051626456e-01
,,3.166253250650e-10,6.821514091631e-01
,,3.166853370674e-10,6.821975930061e-01
,,3.167453490698e-10,6.822437142450e-01
,,3.168053610722e-10,6.822897729503e-01
,,3.168653730746e-10,6.823357691921e-01
,,3.169253850770e-10,6.823817030406e-01
,,3.169853970794e-10,6.824275745659e-01
,,3.170454090818e-10,6.824733838378e-01
,,3.171054210842e-10,6.825191309263e-01
,,3.171654330866e-10,6.825648159012e-01
,,3.172254450890e-10,6.826104388320e-01
,,3.172854570914e-10,6.826559997883e-01
,,3.173454690938e-10,6.827014988397e-01
,,3.174054810962e-10,6.827469360554e-01
,,3.174654930986e-10,6.827923115048e-01
,,3.175255051010e-10,6.828376252571e-01
,,3.175855171034e-10,6.828828773813e-01
,,3.176455291058e-10,6.829280679463e-01
,,3.177055411082e-10,6.829731970212e-01
,,3.177655531106e-10,6.830182646747e-01
,,3.178255651130e-10,6.830632709755e-01
,,3.178855771154e-10,6.831082159922e-01
,,3.179455891178e-10,6.831530997933e-01
,,3.180056011202e-10,6.831979224473e-01
,,3.180656131226e-10,6.832426840224e-01
,,3.181256251250e-10,6.832873845869e-01
,,3.181856371274e-10,6.833320242089e-01
,,3.182456491298e-10,6.833766029565e-01
,,3.183056611322e-10,6.834211208976e-01
,,3.183656731346e-10,6.834655781001e-01
,,3.184256851370e-10,6.835099746317e-01
,,3.184856971394e-10,6.835543105601e-01
,,3.185457091418e-10,6.835985859529e-01
,,3.186057211442e-10,6.836428008775e-01
,,3.186657331466e-10,6.836869554013e-01
,,3.187257451490e-10,6.837310495917e-01
,,3.187857571514e-10,6.837750835157e-01
,,3.188457691538e-10,6.838190572406e-01
,,3.189057811562e-10,6.838629708334e-01
,,3.189657931586e-10,6.839068243609e-01
,,3.190258051610e-10,6.839506178901e-01
,,3.190858171634e-10,6.839943514875e-01
,,3.191458291658e-10,6.840380252200e-01
,,3.192058411682e-10,6.840816391540e-01
,,3.192658531706e-10,6.841251933561e-01
,,3.193258651730e-10,6.841686878925e-01
,,3.193858771754e-10,6.842121228296e-01
,,3.194458891778e-10,6.842554982336e-01
,,3.195059011802e-10,6.842988141706e-01
,,3.195659131826e-10,6.843420707065e-01
,,3.196259251850e-10,6.843852679074e-01
,,3.196859371874e-10,6.844284058390e-01
,,3.197459491898e-10,6.844714845671e-01
,,3.198059611922e-10,6.845145041573e-01
,,3.198659731946e-10,6.845574646752e-01
,,3.199259851970e-10,6.846003661863e-01
,,3.199859971994e-10,6.846432087559e-01
,,3.200460092018e-10,6.846859924494e-01
,,3.201060212042e-10,6.847287173319e-01
,,3.201660332066e-10,6.847713834686e-01
,,3.202260452090e-10,6.848139909245e-01
,,3.202860572114e-10,6.848565397645e-01
,,3.203460692138e-10,6.848990300534e-01
,,3.204060812162e-10,6.849414618562e-01
,,3.204660932186e-10,6.849838352373e-01
,,3.205261052210e-10,6.850261502614e-01
,,3.205861172234e-10,6.850684069931e-01
,,3.206461292258e-10,6.851106054966e-01
,,3.207061412282e-10,6.851527458364e-01
,,3.207661532306e-10,6.851948280766e-01
,,3.208261652330e-10,6.852368522814e-01
,,3.208861772354e-10,6.852788185149e-01
,,3.209461892378e-10,6.853207268410e-01
,,3.210062012402e-10,6.853625773237e-01
,,3.210662132426e-10,6.854043700267e-01
,,3.211262252450e-10,6.854461050137e-01
,,3.211862372474e-10,6.854877823484e-01
,,3.212462492499e-10,6.855294020943e-01
,,3.213062612523e-10,6.855709643149e-01
,,3.213662732547e-10,6.856124690735e-01
,,3.214262852571e-10,6.856539164334e-01
,,3.214862972595e-10,6.856953064578e-01
,,3.215463092619e-10,6.857366392098e-01
,,3.216063212643e-10,6.857779147524e-01
,,3.216663332667e-10,6.858191331487e-01
,,3.217263452691e-10,6.858602944614e-01
,,3.217863572715e-10,6.859013987533e-01
,,3.218463692739e-10,6.859424460871e-01
,,3.219063812763e-10,6.859834365254e-01
,,3.219663932787e-10,6.860243701307e-01
,,3.220264052811e-10,6.860652469654e-01
,,3.220864172835e-10,6.861060670920e-01
,,3.221464292859e-10,6.861468305726e-01
,,3.222064412883e-10,6.861875374694e-01
,,3.222664532907e-10,6.862281878446e-01
,,3.223264652931e-10,6.862687817601e-01
,,3.223864772955e-10,6.863093192779e-01
,,3.224464892979e-10,6.863498004598e-01
,,3.225065013003e-10,6.863902253676e-01
,,3.225665133027e-10,6.864305940630e-01
,,3.226265253051e-10,6.864709066075e-01
,,3.226865373075e-10,6.865111630627e-01
,,3.227465493099e-10,6.865513634901e-01
,,3.228065613123e-10,6.865915079508e-01
,,3.228665733147e-10,6.866315965063e-01
,,3.229265853171e-10,6.866716292177e-01
,,3.229865973195e-10,6.867116061461e-01
,,3.230466093219e-10,6.867515273525e-01
,,3.231066213243e-10,6.867913928979e-01
,,3.231666333267e-10,6.868312028431e-01
,,3.232266453291e-10,6.868709572489e-01
,,3.232866573315e-10,6.869106561759e-01
,,3.233466693339e-10,6.869502996849e-01
,,3.234066813363e-10,6.869898878363e-01
,,3.234666933387e-10,6.870294206906e-01
,,3.235267053411e-10,6.870688983082e-01
,,3.235867173435e-10,6.871083207493e-01
,,3.236467293459e-10,6.871476880741e-01
,,3.237067413483e-10,6.871870003428e-01
,,3.237667533507e-10,6.872262576154e-01
,,3.238267653531e-10,6.872654599520e-01
,,3.238867773555e-10,6.873046074123e-01
,,3.239467893579e-10,6.873437000561e-01
,,3.240068013603e-10,6.873827379433e-01
,,3.240668133627e-10,6.874217211335e-01
,,3.241268253651e-10,6.874606496861e-01
,,3.241868373675e-10,6.874995236608e-01
,,3.242468493699e-10,6.875383431169e-01
,,3.243068613723e-10,6.875771081138e-01
,,3.243668733747e-10,6.876158187107e-01
,,3.244268853771e-10,6.876544749667e-01
,,3.244868973795e-10,6.876930769410e-01
,,3.245469093819e-10,6.877316246926e-01
,,3.246069213843e-10,6.877701182805e-01
,,3.246669333867e-10,6.878085577634e-01
,,3.247269453891e-10,6.878469432001e-01
,,3.247869573915e-10,6.878852746495e-01
,,3.248469693939e-10,6.879235521700e-01
,,3.249069813963e-10,6.879617758203e-01
,,3.249669933987e-10,6.879999456587e-01
,,3.250270054011e-10,6.880380617438e-01
,,3.250870174035e-10,6.880761241338e-01
,,3.251470294059e-10,6.881141328869e-01
,,3.252070414083e-10,6.881520880613e-01
,,3.252670534107e-10,6.881899897151e-01
,,3.253270654131e-10,6.882278379064e-01
,,3.253870774155e-10,6.882656326929e-01
,,3.254470894179e-10,6.883033741326e-01
,,3.255071014203e-10,6.883410622833e-01
,,3.255671134227e-10,6.883786972026e-01
,,3.256271254251e-10,6.884162789482e-01
,,3.256871374275e-10,6.884538075776e-01
,,3.257471494299e-10,6.884912831482e-01
,,3.258071614323e-10,6.885287057176e-01
,,3.258671734347e-10,6.885660753430e-01
,,3.259271854371e-10,6.886033920816e-01
,,3.259871974395e-10,6.886406559907e-01
,,3.260472094419e-10,6.886778671272e-01
,,3.261072214443e-10,6.887150255483e-01
,,3.261672334467e-10,6.887521313109e-01
,,3.262272454491e-10,6.887891844718e-01
,,3.262872574515e-10,6.888261850878e-01
,,3.263472694539e-10,6.888631332157e-01
,,3.264072814563e-10,6.889000289120e-01
,,3.264672934587e-10,6.889368722334e-01
,,3.265273054611e-10,6.889736632364e-01
,,3.265873174635e-10,6.890104019774e-01
,,3.266473294659e-10,6.890470885126e-01
,,3.267073414683e-10,6.890837228985e-01
,,3.267673534707e-10,6.891203051911e-01
,,3.268273654731e-10,6.891568354467e-01
,,3.268873774755e-10,6.891933137212e-01
,,3.269473894779e-10,6.892297400706e-01
,,3.270074014803e-10,6.892661145509e-01
,,3.270674134827e-10,6.893024372179e-01
,,3.271274254851e-10,6.893387081273e-01
,,3.271874374875e-10,6.893749273348e-01
,,3.272474494899e-10,6.894110948961e-01
,,3.273074614923e-10,6.894472108666e-01
,,3.273674734947e-10,6.894832753019e-01
,,3.274274854971e-10,6.895192882572e-01
,,3.274874974995e-10,6.895552497880e-01
,,3.275475095019e-10,6.895911599495e-01
,,3.276075215043e-10,6.896270187969e-01
,,3.276675335067e-10,6.896628263853e-01
,,3.277275455091e-10,6.896985827696e-01
,,3.277875575115e-10,6.897342880049e-01
,,3.278475695139e-10,6.897699421461e-01
,,3.279075815163e-10,6.898055452479e-01
,,3.279675935187e-10,6.898410973652e-01
,,3.280276055211e-10,6.898765985525e-01
,,3.280876175235e-10,6.899120488645e-01
,,3.281476295259e-10,6.899474483558e-01
,,3.282076415283e-10,6.899827970807e-01
,,3.282676535307e-10,6.900180950937e-01
,,3.283276655331e-10,6.900533424491e-01
,,3.283876775355e-10,6.900885392012e-01
,,3.284476895379e-10,6.901236854040e-01
,,3.285077015403e-10,6.901587811118e-01
,,3.285677135427e-10,6.901938263786e-01
,,3.286277255451e-10,6.902288212582e-01
,,3.286877375475e-10,6.902637658047e-01
,,3.287477495499e-10,6.902986600719e-01
,,3.288077615523e-10,6.903335041134e-01
,,3.288677735547e-10,6.903682979831e-01
,,3.289277855571e-10,6.904030417344e-01
,,3.289877975595e-10,6.904377354210e-01
,,3.290478095619e-10,6.904723790964e-01
,,3.291078215643e-10,6.905069728139e-01
,,3.291678335667e-10,6.905415166268e-01
,,3.292278455691e-10,6.905760105886e-01
,,3.292878575715e-10,6.906104547522e-01
,,3.293478695739e-10,6.906448491710e-01
,,3.294078815763e-10,6.906791938979e-01
,,3.294678935787e-10,6.907134889860e-01
,,3.295279055811e-10,6.907477344881e-01
,,3.295879175835e-10,6.907819304572e-01
,,3.296479295859e-10,6.908160769460e-01
,,3.297079415883e-10,6.908501740072e-01
,,3.297679535907e-10,6.908842216935e-01
,,3.298279655931e-10,6.909182200575e-01
,,3.298879775955e-10,6.909521691517e-01
,,3.299479895979e-10,6.909860690286e-01
,,3.300080016003e-10,6.910199197405e-01
,,3.300680136027e-10,6.910537213397e-01
,,3.301280256051e-10,6.910874738785e-01
,,3.301880376075e-10,6.911211774091e-01
,,3.302480496099e-10,6.911548319836e-01
,,3.303080616123e-10,6.911884376540e-01
,,3.303680736147e-10,6.912219944723e-01
,,3.304280856171e-10,6.912555024904e-01
,,3.304880976195e-10,6.912889617602e-01
,,3.305481096219e-10,6.913223723335e-01
,,3.306081216243e-10,6.913557342619e-01
,,3.306681336267e-10,6.913890475971e-01
,,3.307281456291e-10,6.914223123906e-01
,,3.307881576315e-10,6.914555286941e-01
,,3.308481696339e-10,6.914886965589e-01
,,3.309081816363e-10,6.915218160364e-01
,,3.309681936387e-10,6.915548871780e-01
,,3.310282056411e-10,6.915879100348e-01
,,3.310882176435e-10,6.916208846581e-01
,,3.311482296459e-10,6.916538110990e-01
,,3.312082416483e-10,6.916866894085e-01
,,3.312682536507e-10,6.917195196376e-01
,,3.313282656531e-10,6.917523018372e-01
,,3.313882776555e-10,6.917850360583e-01
,,3.314482896579e-10,6.918177223515e-01
,,3.315083016603e-10,6.918503607677e-01
,,3.315683136627e-10,6.918829513574e-01
,,3.316283256651e-10,6.919154941713e-01
,,3.316883376675e-10,6.919479892598e-01
,,3.317483496699e-10,6.919804366736e-01
,,3.318083616723e-10,6.920128364629e-01
,,3.318683736747e-10,6.920451886781e-01
,,3.319283856771e-10,6.920774933695e-01
,,3.319883976795e-10,6.921097505873e-01
,,3.320484096819e-10,6.921419603816e-01
,,3.321084216843e-10,6.921741228025e-01
,,3.321684336867e-10,6.922062379001e-01
,,3.322284456891e-10,6.922383057242e-01
,,3.322884576915e-10,6.922703263248e-01
,,3.323484696939e-10,6.923022997518e-01
,,3.324084816963e-10,6.923342260547e-01
,,3.324684936987e-10,6.923661052835e-01
,,3.325285057011e-10,6.923979374876e-01
,,3.325885177035e-10,6.924297227168e-01
,,3.326485297059e-10,6.924614610204e-01
,,3.327085417083e-10,6.924931524479e-01
,,3.327685537107e-10,6.925247970488e-01
,,3.328285657131e-10,6.925563948722e-01
,,3.328885777155e-10,6.925879459676e-01
,,3.329485897179e-10,6.926194503841e-01
,,3.330086017203e-10,6.926509081708e-01
,,3.330686137227e-10,6.926823193768e-01
,,3.331286257251e-10,6.927136840511e-01
,,3.331886377275e-10,6.927450022427e-01
,,3.332486497299e-10,6.927762740004e-01
,,3.333086617323e-10,6.928074993731e-01
,,3.333686737347e-10,6.928386784094e-01
,,3.334286857371e-10,6.928698111583e-01
,,3.334886977395e-10,6.929008976681e-01
,,3.335487097419e-10,6.929319379876e-01
,,3.336087217443e-10,6.929629321653e-01
,,3.336687337467e-10,6.929938802496e-01
,,3.337287457491e-10,6.930247822888e-01
,,3.337887577516e-10,6.930556383314e-01
,,3.338487697540e-10,6.930864484256e-01
,,3.339087817564e-10,6.931172126196e-01
,,3.339687937588e-10,6.931479309616e-01
,,3.340288057612e-10,6.931786034996e-01
,,3.340888177636e-10,6.932092302816e-01
,,3.341488297660e-10,6.932398113557e-01
,,3.342088417684e-10,6.932703467698e-01
,,3.342688537708e-10,6.933008365716e-01
,,3.343288657732e-10,6.933312808090e-01
,,3.343888777756e-10,6.933616795297e-01
,,3.344488897780e-10,6.933920327813e-01
,,3.345089017804e-10,6.934223406115e-01
,,3.345689137828e-10,6.934526030678e-01
,,3.346289257852e-10,6.934828201977e-01
,,3.346889377876e-10,6.935129920486e-01
,,3.347489497900e-10,6.935431186679e-01
,,3.348089617924e-10,6.935732001029e-01
,,3.348689737948e-10,6.936032364008e-01
,,3.349289857972e-10,6.936332276088e-01
,,3.349889977996e-10,6.936631737741e-01
,,3.350490098020e-10,6.936930749437e-01
,,3.351090218044e-10,6.937229311646e-01
,,3.351690338068e-10,6.937527424837e-01
,,3.352290458092e-10,6.937825089481e-01
,,3.352890578116e-10,6.938122306044e-01
,,3.353490698140e-10,6.938419074995e-01
,,3.354090818164e-10,6.938715396801e-01
,,3.354690938188e-10,6.939011271928e-01
,,3.355291058212e-10,6.939306700842e-01
,,3.355891178236e-10,6.939601684010e-01
,,3.356491298260e-10,6.939896221894e-01
,,3.357091418284e-10,6.940190314961e-01
,,3.357691538308e-10,6.940483963673e-01
,,3.358291658332e-10,6.940777168493e-01
,,3.358891778356e-10,6.941069929885e-01
,,3.359491898380e-10,6.941362248309e-01
,,3.360092018404e-10,6.941654124228e-01
,,3.360692138428e-10,6.941945558101e-01
,,3.361292258452e-10,6.942236550390e-01
,,3.361892378476e-10,6.942527101554e-01
,,3.362492498500e-10,6.942817212051e-01
,,3.363092618524e-10,6.943106882340e-01
,,3.363692738548e-10,6.943396112880e-01
,,3.364292858572e-10,6.943684904127e-01
,,3.364892978596e-10,6.943973256538e-01
,,3.365493098620e-10,6.944261170570e-01
,,3.366093218644e-10,6.944548646678e-01
,,3.366693338668e-10,6.944835685316e-01
,,3.367293458692e-10,6.945122286941e-01
,,3.367893578716e-10,6.945408452004e-01
,,3.368493698740e-10,6.945694180961e-01
,,3.369093818764e-10,6.945979474262e-01
,,3.369693938788e-10,6.946264332362e-01
,,3.370294058812e-10,6.946548755711e-01
,,3.370894178836e-10,6.946832744760e-01
,,3.371494298860e-10,6.947116299961e-01
,,3.372094418884e-10,6.947399421762e-01
,,3.372694538908e-10,6.947682110614e-01
,,3.373294658932e-10,6.947964366965e-01
,,3.373894778956e-10,6.948246191263e-01
,,3.374494898980e-10,6.948527583957e-01
,,3.375095019004e-10,6.948808545493e-01
,,3.375695139028e-10,6.949089076319e-01
,,3.376295259052e-10,6.949369176879e-01
,,3.376895379076e-10,6.949648847620e-01
,,3.377495499100e-10,6.949928088987e-01
,,3.378095619124e-10,6.950206901424e-01
,,3.378695739148e-10,6.950485285375e-01
,,3.379295859172e-10,6.950763241283e-01
,,3.379895979196e-10,6.951040769591e-01
,,3.380496099220e-10,6.951317870741e-01
,,3.381096219244e-10,6.951594545175e-01
,,3.381696339268e-10,6.951870793334e-01
,,3.382296459292e-10,6.952146615659e-01
,,3.382896579316e-10,6.952422012590e-01
,,3.383496699340e-10,6.952696984566e-01
,,3.384096819364e-10,6.952971532025e-01
,,3.384696939388e-10,6.953245655408e-01
,,3.385297059412e-10,6.953519355150e-01
,,3.385897179436e-10,6.953792631691e-01
,,3.386497299460e-10,6.954065485466e-01
,,3.387097419484e-10,6.954337916912e-01
,,3.387697539508e-10,6.954609926464e-01
,,3.388297659532e-10,6.954881514558e-01
,,3.388897779556e-10,6.955152681628e-01
,,3.389497899580e-10,6.955423428109e-01
,,3.390098019604e-10,6.955693754433e-01
,,3.390698139628e-10,6.955963661035e-01
,,3.391298259652e-10,6.956233148346e-01
,,3.391898379676e-10,6.956502216799e-01
,,3.392498499700e-10,6.956770866824e-01
,,3.393098619724e-10,6.957039098854e-01
,,3.393698739748e-10,6.957306913317e-01
,,3.394298859772e-10,6.957574310645e-01
,,3.394898979796e-10,6.957841291266e-01
,,3.395499099820e-10,6.958107855609e-01
,,3.396099219844e-10,6.958374004103e-01
,,3.396699339868e-10,6.958639737175e-01
,,3.397299459892e-10,6.958905055252e-01
,,3.397899579916e-10,6.959169958761e-01
,,3.398499699940e-10,6.959434448129e-01
,,3.399099819964e-10,6.959698523781e-01
,,3.399699939988e-10,6.959962186141e-01
,,3.400300060012e-10,6.960225435636e-01
,,3.400900180036e-10,6.960488272688e-01
,,3.401500300060e-10,6.960750697721e-01
,,3.402100420084e-10,6.961012711159e-01
,,3.402700540108e-10,6.961274313423e-01
,,3.403300660132e-10,6.961535504937e-01
,,3.403900780156e-10,6.961796286121e-01
,,3.404500900180e-10,6.962056657396e-01
,,3.405101020204e-10,6.962316619183e-01
,,3.405701140228e-10,6.962576171902e-01
,,3.406301260252e-10,6.962835315972e-01
,,3.406901380276e-10,6.963094051813e-01
,,3.407501500300e-10,6.963352379841e-01
,,3.408101620324e-10,6.963610300477e-01
,,3.408701740348e-10,6.963867814136e-01
,,3.409301860372e-10,6.964124921236e-01
,,3.409901980396e-10,6.964381622194e-01
,,3.410502100420e-10,6.964637917424e-01
,,3.411102220444e-10,6.964893807342e-01
,,3.411702340468e-10,6.965149292364e-01
,,3.412302460492e-10,6.965404372904e-01
,,3.412902580516e-10,6.965659049375e-01
,,3.413502700540e-10,6.965913322190e-01
,,3.414102820564e-10,6.966167191764e-01
,,3.414702940588e-10,6.966420658507e-01
,,3.415303060612e-10,6.966673722832e-01
,,3.415903180636e-10,6.966926385150e-01
,,3.416503300660e-10,6.967178645872e-01
,,3.417103420684e-10,6.967430505409e-01
,,3.417703540708e-10,6.967681964170e-01
,,3.418303660732e-10,6.967933022564e-01
,,3.418903780756e-10,6.968183681000e-01
,,3.419503900780e-10,6.968433939887e-01
,,3.420104020804e-10,6.968683799633e-01
,,3.420704140828e-10,6.968933260644e-01
,,3.421304260852e-10,6.969182323329e-01
,,3.421904380876e-10,6.969430988092e-01
,,3.422504500900e-10,6.969679255341e-01
,,3.423104620924e-10,6.969927125479e-01
,,3.423704740948e-10,6.970174598913e-01
,,3.424304860972e-10,6.970421676047e-01
,,3.424904980996e-10,6.970668357284e-01
,,3.425505101020e-10,6.970914643028e-01
,,3.426105221044e-10,6.971160533683e-01
,,3.426705341068e-10,6.971406029649e-01
,,3.427305461092e-10,6.971651131330e-01
,,3.427905581116e-10,6.971895839127e-01
,,3.428505701140e-10,6.972140153440e-01
,,3.429105821164e-10,6.972384074671e-01
,,3.429705941188e-10,6.972627603220e-01
,,3.430306061212e-10,6.972870739485e-01
,,3.430906181236e-10,6.973113483866e-01
,,3.431506301260e-10,6.973355836761e-01
,,3.432106421284e-10,6.973597798569e-01
,,3.432706541308e-10,6.973839369688e-01
,,3.433306661332e-10,6.974080550513e-01
,,3.433906781356e-10,6.974321341443e-01
,,3.434506901380e-10,6.974561742873e-01
,,3.435107021404e-10,6.974801755199e-01
,,3.435707141428e-10,6.975041378816e-01
,,3.436307261452e-10,6.975280614119e-01
,,3.436907381476e-10,6.975519461502e-01
,,3.437507501500e-10,6.975757921358e-01
,,3.438107621524e-10,6.975995994082e-01
,,3.438707741548e-10,6.976233680067e-01
,,3.439307861572e-10,6.976470979703e-01
,,3.439907981596e-10,6.976707893384e-01
,,3.440508101620e-10,6.976944421501e-01
,,3.441108221644e-10,6.977180564445e-01
,,3.441708341668e-10,6.977416322606e-01
,,3.442308461692e-10,6.977651696374e-01
,,3.442908581716e-10,6.977886686139e-01
,,3.443508701740e-10,6.978121292290e-01
,,3.444108821764e-10,6.978355515216e-01
,,3.444708941788e-10,6.978589355304e-01
,,3.445309061812e-10,6.978822812943e-01
,,3.445909181836e-10,6.979055888519e-01
,,3.446509301860e-10,6.979288582420e-01
,,3.447109421884e-10,6.979520895031e-01
,,3.447709541908e-10,6.979752826739e-01
,,3.448309661932e-10,6.979984377929e-01
,,3.448909781956e-10,6.980215548986e-01
,,3.449509901980e-10,6.980446340294e-01
,,3.450110022004e-10,6.980676752238e-01
,,3.450710142028e-10,6.980906785200e-01
,,3.451310262052e-10,6.981136439564e-01
,,3.451910382076e-10,6.981365715713e-01
,,3.452510502100e-10,6.981594614028e-01
,,3.453110622124e-10,6.981823134891e-01
,,3.453710742148e-10,6.982051278685e-01
,,3.454310862172e-10,6.982279045788e-01
,,3.454910982196e-10,6.982506436583e-01
,,3.455511102220e-10,6.982733451448e-01
,,3.456111222244e-10,6.982960090763e-01
,,3.456711342268e-10,6.983186354907e-01
,,3.457311462292e-10,6.983412244259e-01
,,3.457911582316e-10,6.983637759196e-01
,,3.458511702340e-10,6.983862900096e-01
,,3.459111822364e-10,6.984087667337e-01
,,3.459711942388e-10,6.984312061296e-01
,,3.460312062412e-10,6.984536082347e-01
,,3.460912182436e-10,6.984759730868e-01
,,3.461512302460e-10,6.984983007233e-01
,,3.462112422484e-10,6.985205911818e-01
,,3.462712542509e-10,6.985428444997e-01
,,3.463312662533e-10,6.985650607145e-01
,,3.463912782557e-10,6.985872398633e-01
,,3.464512902581e-10,6.986093819837e-01
,,3.465113022605e-10,6.986314871128e-01
,,3.465713142629e-10,6.986535552879e-01
,,3.466313262653e-10,6.986755865462e-01
,,3.466913382677e-10,6.986975809248e-01
,,3.467513502701e-10,6.987195384608e-01
,,3.468113622725e-10,6.987414591912e-01
,,3.468713742749e-10,6.987633431531e-01
,,3.469313862773e-10,6.987851903834e-01
,,3.469913982797e-10,6.988070009190e-01
,,3.470514102821e-10,6.988287747968e-01
,,3.471114222845e-10,6.988505120537e-01
,,3.471714342869e-10,6.988722127264e-01
,,3.472314462893e-10,6.988938768517e-01
,,3.472914582917e-10,6.989155044662e-01
,,3.473514702941e-10,6.989370956067e-01
,,3.474114822965e-10,6.989586503097e-01
,,3.474714942989e-10,6.989801686119e-01
,,3.475315063013e-10,6.990016505496e-01
,,3.475915183037e-10,6.990230961595e-01
,,3.476515303061e-10,6.990445054780e-01
,,3.477115423085e-10,6.990658785414e-01
,,3.477715543109e-10,6.990872153862e-01
,,3.478315663133e-10,6.991085160485e-01
,,3.478915783157e-10,6.991297805648e-01
,,3.479515903181e-10,6.991510089712e-01
,,3.480116023205e-10,6.991722013039e-01
,,3.480716143229e-10,6.991933575991e-01
,,3.481316263253e-10,6.992144778927e-01
,,3.481916383277e-10,6.992355622210e-01
,,3.482516503301e-10,6.992566106200e-01
,,3.483116623325e-10,6.992776231255e-01
,,3.483716743349e-10,6.992985997735e-01
,,3.484316863373e-10,6.993195405999e-01
,,3.484916983397e-10,6.993404456405e-01
,,3.485517103421e-10,6.993613149312e-01
,,3.486117223445e-10,6.993821485077e-01
,,3.486717343469e-10,6.994029464057e-01
,,3.487317463493e-10,6.994237086609e-01
,,3.487917583517e-10,6.994444353089e-01
,,3.488517703541e-10,6.994651263854e-01
,,3.489117823565e-10,6.994857819258e-01
,,3.489717943589e-10,6.995064019657e-01
,,3.490318063613e-10,6.995269865405e-01
,,3.490918183637e-10,6.995475356857e-01
,,3.491518303661e-10,6.995680494367e-01
,,3.492118423685e-10,6.995885278287e-01
,,3.492718543709e-10,6.996089708971e-01
,,3.493318663733e-10,6.996293786772e-01
,,3.493918783757e-10,6.996497512041e-01
,,3.494518903781e-10,6.996700885131e-01
,,3.495119023805e-10,6.996903906393e-01
,,3.495719143829e-10,6.997106576177e-01
,,3.496319263853e-10,6.997308894834e-01
,,3.496919383877e-10,6.997510862715e-01
,,3.497519503901e-10,6.997712480168e-01
,,3.498119623925e-10,6.997913747544e-01
,,3.498719743949e-10,6.998114665191e-01
,,3.499319863973e-10,6.998315233458e-01
,,3.499919983997e-10,6.998515452692e-01
,,3.500520104021e-10,6.998715323242e-01
,,3.501120224045e-10,6.998914845455e-01
,,3.501720344069e-10,6.999114019676e-01
,,3.502320464093e-10,6.999312846254e-01
,,3.502920584117e-10,6.999511325534e-01
,,3.503520704141e-10,6.999709457861e-01
,,3.504120824165e-10,6.999907243582e-01
,,3.504720944189e-10,7.000104683039e-01
,,3.505321064213e-10,7.000301776579e-01
,,3.505921184237e-10,7.000498524545e-01
,,3.506521304261e-10,7.000694927281e-01
,,3.507121424285e-10,7.000890985129e-01
,,3.507721544309e-10,7.001086698433e-01
,,3.508321664333e-10,7.001282067536e-01
,,3.508921784357e-10,7.001477092778e-01
,,3.509521904381e-10,7.001671774503e-01
,,3.510122024405e-10,7.001866113050e-01
,,3.510722144429e-10,7.002060108762e-01
,,3.511322264453e-10,7.002253761977e-01
,,3.511922384477e-10,7.002447073037e-01
,,3.512522504501e-10,7.002640042281e-01
,,3.513122624525e-10,7.002832670048e-01
,,3.513722744549e-10,7.003024956677e-01
,,3.514322864573e-10,7.003216902507e-01
,,3.514922984597e-10,7.003408507875e-01
,,3.515523104621e-10,7.003599773120e-01
,,3.516123224645e-10,7.003790698578e-01
,,3.516723344669e-10,7.003981284586e-01
,,3.517323464693e-10,7.004171531481e-01
,,3.517923584717e-10,7.004361439600e-01
,,3.518523704741e-10,7.004551009277e-01
,,3.519123824765e-10,7.004740240848e-01
,,3.519723944789e-10,7.004929134648e-01
,,3.520324064813e-10,7.005117691012e-01
,,3.520924184837e-10,7.005305910273e-01
,,3.521524304861e-10,7.005493792766e-01
,,3.522124424885e-10,7.005681338824e-01
,,3.522724544909e-10,7.005868548779e-01
,,3.523324664933e-10,7.006055422965e-01
,,3.523924784957e-10,7.006241961714e-01
,,3.524524904981e-10,7.006428165358e-01
,,3.525125025005e-10,7.006614034227e-01
,,3.525725145029e-10,7.006799568653e-01
,,3.526325265053e-10,7.006984768968e-01
,,3.526925385077e-10,7.007169635500e-01
,,3.527525505101e-10,7.007354168580e-01
,,3.528125625125e-10,7.007538368539e-01
,,3.528725745149e-10,7.007722235703e-01
,,3.529325865173e-10,7.007905770404e-01
,,3.529925985197e-10,7.008088972968e-01
,,3.530526105221e-10,7.008271843724e-01
,,3.531126225245e-10,7.008454383000e-01
,,3.531726345269e-10,7.008636591123e-01
,,3.532326465293e-10,7.008818468420e-01
,,3.532926585317e-10,7.009000015217e-01
,,3.533526705341e-10,7.009181231841e-01
,,3.534126825365e-10,7.009362118616e-01
,,3.534726945389e-10,7.009542675870e-01
,,3.535327065413e-10,7.009722903926e-01
,,3.535927185437e-10,7.009902803109e-01
,,3.536527305461e-10,7.010082373744e-01
,,3.537127425485e-10,7.010261616155e-01
,,3.537727545509e-10,7.010440530665e-01
,,3.538327665533e-10,7.010619117596e-01
,,3.538927785557e-10,7.010797377273e-01
,,3.539527905581e-10,7.010975310017e-01
,,3.540128025605e-10,7.011152916150e-01
,,3.540728145629e-10,7.011330195995e-01
,,3.541328265653e-10,7.011507149872e-01
,,3.541928385677e-10,7.011683778102e-01
,,3.542528505701e-10,7.011860081006e-01
,,3.543128625725e-10,7.012036058904e-01
,,3.543728745749e-10,7.012211712116e-01
,,3.544328865773e-10,7.012387040961e-01
,,3.544928985797e-10,7.012562045759e-01
,,3.545529105821e-10,7.012736726828e-01
,,3.546129225845e-10,7.012911084486e-01
,,3.546729345869e-10,7.013085119052e-01
,,3.547329465893e-10,7.013258830843e-01
,,3.547929585917e-10,7.013432220177e-01
,,3.548529705941e-10,7.013605287370e-01
,,3.549129825965e-10,7.013778032738e-01
,,3.549729945989e-10,7.013950456599e-01
,,3.550330066013e-10,7.014122559268e-01
,,3.550930186037e-10,7.014294341060e-01
,,3.551530306061e-10,7.014465802290e-01
,,3.552130426085e-10,7.014636943274e-01
,,3.552730546109e-10,7.014807764325e-01
,,3.553330666133e-10,7.014978265758e-01
,,3.553930786157e-10,7.015148447886e-01
,,3.554530906181e-10,7.015318311023e-01
,,3.555131026205e-10,7.015487855480e-01
,,3.555731146229e-10,7.015657081572e-01
,,3.556331266253e-10,7.015825989611e-01
,,3.556931386277e-10,7.015994579907e-01
,,3.557531506301e-10,7.016162852773e-01
,,3.558131626325e-10,7.016330808520e-01
,,3.558731746349e-10,7.016498447459e-01
,,3.559331866373e-10,7.016665769900e-01
,,3.559931986397e-10,7.016832776153e-01
,,3.560532106421e-10,7.016999466527e-01
,,3.561132226445e-10,7.017165841334e-01
,,3.561732346469e-10,7.017331900880e-01
,,3.562332466493e-10,7.017497645476e-01
,,3.562932586517e-10,7.017663075429e-01
,,3.563532706541e-10,7.017828191047e-01
,,3.564132826565e-10,7.017992992638e-01
,,3.564732946589e-10,7.018157480510e-01
,,3.565333066613e-10,7.018321654969e-01
,,3.565933186637e-10,7.018485516322e-01
,,3.566533306661e-10,7.018649064874e-01
,,3.567133426685e-10,7.018812300933e-01
,,3.567733546709e-10,7.018975224803e-01
,,3.568333666733e-10,7.019137836790e-01
,,3.568933786757e-10,7.019300137199e-01
,,3.569533906781e-10,7.019462126333e-01
,,3.570134026805e-10,7.019623804498e-01
,,3.570734146829e-10,7.019785171997e-01
,,3.571334266853e-10,7.019946229133e-01
,,3.571934386877e-10,7.020106976210e-01
,,3.572534506901e-10,7.020267413530e-01
,,3.573134626925e-10,7.020427541396e-01
,,3.573734746949e-10,7.020587360110e-01
,,3.574334866973e-10,7.020746869974e-01
,,3.574934986997e-10,7.020906071288e-01
,,3.575535107021e-10,7.021064964355e-01
,,3.576135227045e-10,7.021223549475e-01
,,3.576735347069e-10,7.021381826948e-01
,,3.577335467093e-10,7.021539797075e-01
,,3.577935587117e-10,7.021697460154e-01
,,3.578535707141e-10,7.021854816486e-01
,,3.579135827165e-10,7.022011866369e-01
,,3.579735947189e-10,7.022168610103e-01
,,3.580336067213e-10,7.022325047984e-01
,,3.580936187237e-10,7.022481180313e-01
,,3.581536307261e-10,7.022637007385e-01
,,3.582136427285e-10,7.022792529499e-01
,,3.582736547309e-10,7.022947746952e-01
,,3.583336667333e-10,7.023102660040e-01
,,3.583936787357e-10,7.023257269059e-01
,,3.584536907381e-10,7.023411574306e-01
,,3.585137027405e-10,7.023565576077e-01
,,3.585737147429e-10,7.023719274665e-01
,,3.586337267453e-10,7.023872670368e-01
,,3.586937387477e-10,7.024025763478e-01
,,3.587537507502e-10,7.024178554292e-01
,,3.588137627526e-10,7.024331043101e-01
,,3.588737747550e-10,7.024483230202e-01
,,3.589337867574e-10,7.024635115885e-01
,,3.589937987598e-10,7.024786700446e-01
,,3.590538107622e-10,7.024937984176e-01
,,3.591138227646e-10,7.025088967367e-01
,,3.591738347670e-10,7.025239650312e-01
,,3.592338467694e-10,7.025390033303e-01
,,3.592938587718e-10,7.025540116631e-01
,,3.593538707742e-10,7.025689900586e-01
,,3.594138827766e-10,7.025839385460e-01
,,3.594738947790e-10,7.025988571543e-01
,,3.595339067814e-10,7.026137459125e-01
,,3.595939187838e-10,7.026286048496e-01
,,3.596539307862e-10,7.026434339945e-01
,,3.597139427886e-10,7.026582333761e-01
,,3.597739547910e-10,7.026730030233e-01
,,3.598339667934e-10,7.026877429650e-01
,,3.598939787958e-10,7.027024532299e-01
,,3.599539907982e-10,7.027171338469e-01
,,3.600140028006e-10,7.027317848447e-01
,,3.600740148030e-10,7.027464062520e-01
,,3.601340268054e-10,7.027609980974e-01
,,3.601940388078e-10,7.027755604097e-01
,,3.602540508102e-10,7.027900932175e-01
,,3.603140628126e-10,7.028045965493e-01
,,3.603740748150e-10,7.028190704337e-01
,,3.604340868174e-10,7.028335148992e-01
,,3.604940988198e-10,7.028479299744e-01
,,3.605541108222e-10,7.028623156876e-01
,,3.606141228246e-10,7.028766720673e-01
,,3.606741348270e-10,7.028909991419e-01
,,3.607341468294e-10,7.029052969398e-01
,,3.607941588318e-10,7.029195654892e-01
,,3.608541708342e-10,7.029338048186e-01
,,3.609141828366e-10,7.029480149561e-01
,,3.609741948390e-10,7.029621959300e-01
,,3.610342068414e-10,7.029763477685e-01
,,3.610942188438e-10,7.029904704998e-01
,,3.611542308462e-10,7.030045641520e-01
,,3.612142428486e-10,7.030186287532e-01
,,3.612742548510e-10,7.030326643316e-01
,,3.613342668534e-10,7.030466709151e-01
,,3.613942788558e-10,7.030606485317e-01
,,3.614542908582e-10,7.030745972096e-01
,,3.615143028606e-10,7.030885169766e-01
,,3.615743148630e-10,7.031024078606e-01
,,3.616343268654e-10,7.031162698895e-01
,,3.616943388678e-10,7.031301030912e-01
,,3.617543508702e-10,7.031439074936e-01
,,3.618143628726e-10,7.031576831244e-01
,,3.618743748750e-10,7.031714300114e-01
,,3.619343868774e-10,7.031851481823e-01
,,3.619943988798e-10,7.031988376649e-01
,,3.620544108822e-10,7.032124984868e-01
,,3.621144228846e-10,7.032261306756e-01
,,3.621744348870e-10,7.032397342591e-01
,,3.622344468894e-10,7.032533092647e-01
,,3.622944588918e-10,7.032668557200e-01
,,3.623544708942e-10,7.032803736525e-01
,,3.624144828966e-10,7.032938630898e-01
,,3.624744948990e-10,7.033073240593e-01
,,3.625345069014e-10,7.033207565884e-01
,,3.625945189038e-10,7.033341607045e-01
,,3.626545309062e-10,7.033475364351e-01
,,3.627145429086e-10,7.033608838073e-01
,,3.627745549110e-10,7.033742028486e-01
,,3.628345669134e-10,7.033874935863e-01
,,3.628945789158e-10,7.034007560475e-01
,,3.629545909182e-10,7.034139902595e-01
,,3.630146029206e-10,7.034271962495e-01
,,3.630746149230e-10,7.034403740447e-01
,,3.631346269254e-10,7.034535236721e-01
,,3.631946389278e-10,7.034666451589e-01
,,3.632546509302e-10,7.034797385321e-01
,,3.633146629326e-10,7.034928038188e-01
,,3.633746749350e-10,7.035058410460e-01
,,3.634346869374e-10,7.035188502407e-01
,,3.634946989398e-10,7.035318314298e-01
,,3.635547109422e-10,7.035447846402e-01
,,3.636147229446e-10,7.035577098989e-01
,,3.636747349470e-10,7.035706072326e-01
,,3.637347469494e-10,7.035834766683e-01
,,3.637947589518e-10,7.035963182327e-01
,,3.638547709542e-10,7.036091319526e-01
,,3.639147829566e-10,7.036219178547e-01
,,3.639747949590e-10,7.036346759657e-01
,,3.640348069614e-10,7.036474063124e-01
,,3.640948189638e-10,7.036601089214e-01
,,3.641548309662e-10,7.036727838193e-01
,,3.642148429686e-10,7.036854310327e-01
,,3.642748549710e-10,7.036980505881e-01
,,3.643348669734e-10,7.037106425122e-01
,,3.643948789758e-10,7.037232068313e-01
,,3.644548909782e-10,7.037357435721e-01
,,3.645149029806e-10,7.037482527609e-01
,,3.645749149830e-10,7.037607344241e-01
,,3.646349269854e-10,7.037731885882e-01
,,3.646949389878e-10,7.037856152795e-01
,,3.647549509902e-10,7.037980145243e-01
,,3.648149629926e-10,7.038103863490e-01
,,3.648749749950e-10,7.038227307798e-01
,,3.649349869974e-10,7.038350478429e-01
,,3.649949989998e-10,7.038473375647e-01
,,3.650550110022e-10,7.038595999712e-01
,,3.651150230046e-10,7.038718350886e-01
,,3.651750350070e-10,7.038840429431e-01
,,3.652350470094e-10,7.038962235608e-01
,,3.652950590118e-10,7.039083769676e-01
,,3.653550710142e-10,7.039205031898e-01
,,3.654150830166e-10,7.039326022533e-01
,,3.654750950190e-10,7.039446741840e-01
,,3.655351070214e-10,7.039567190080e-01
,,3.655951190238e-10,7.039687367511e-01
,,3.656551310262e-10,7.039807274394e-01
,,3.657151430286e-10,7.039926910985e-01
,,3.657751550310e-10,7.040046277545e-01
,,3.658351670334e-10,7.040165374331e-01
,,3.658951790358e-10,7.040284201600e-01
,,3.659551910382e-10,7.040402759612e-01
,,3.660152030406e-10,7.040521048622e-01
,,3.660752150430e-10,7.040639068888e-01
,,3.661352270454e-10,7.040756820667e-01
,,3.661952390478e-10,7.040874304215e-01
,,3.662552510502e-10,7.040991519789e-01
,,3.663152630526e-10,7.041108467643e-01
,,3.663752750550e-10,7.041225148035e-01
,,3.664352870574e-10,7.041341561219e-01
,,3.664952990598e-10,7.041457707451e-01
,,3.665553110622e-10,7.041573586984e-01
,,3.666153230646e-10,7.041689200075e-01
,,3.666753350670e-10,7.041804546976e-01
,,3.667353470694e-10,7.041919627943e-01
,,3.667953590718e-10,7.042034443228e-01
,,3.668553710742e-10,7.042148993085e-01
,,3.669153830766e-10,7.042263277767e-01
,,3.669753950790e-10,7.042377297527e-01
,,3.670354070814e-10,7.042491052618e-01
,,3.670954190838e-10,7.042604543292e-01
,,3.671554310862e-10,7.042717769801e-01
,,3.672154430886e-10,7.042830732396e-01
,,3.672754550910e-10,7.042943431330e-01
,,3.673354670934e-10,7.043055866854e-01
,,3.673954790958e-10,7.043168039217e-01
,,3.674554910982e-10,7.043279948672e-01
,,3.675155031006e-10,7.043391595468e-01
,,3.675755151030e-10,7.043502979856e-01
,,3.676355271054e-10,7.043614102086e-01
,,3.676955391078e-10,7.043724962406e-01
,,3.677555511102e-10,7.043835561067e-01
,,3.678155631126e-10,7.043945898317e-01
,,3.678755751150e-10,7.044055974405e-01
,,3.679355871174e-10,7.044165789580e-01
,,3.679955991198e-10,7.044275344089e-01
,,3.680556111222e-10,7.044384638182e-01
,,3.681156231246e-10,7.044493672105e-01
,,3.681756351270e-10,7.044602446105e-01
,,3.682356471294e-10,7.044710960431e-01
,,3.682956591318e-10,7.044819215329e-01
,,3.683556711342e-10,7.044927211046e-01
,,3.684156831366e-10,7.045034947827e-01
,,3.684756951390e-10,7.045142425919e-01
,,3.685357071414e-10,7.045249645568e-01
,,3.685957191438e-10,7.045356607020e-01
,,3.686557311462e-10,7.045463310519e-01
,,3.687157431486e-10,7.045569756311e-01
,,3.687757551510e-10,7.045675944640e-01
,,3.688357671534e-10,7.045781875751e-01
,,3.688957791558e-10,7.045887549888e-01
,,3.689557911582e-10,7.045992967295e-01
,,3.690158031606e-10,7.046098128216e-01
,,3.690758151630e-10,7.046203032895e-01
,,3.691358271654e-10,7.046307681573e-01
,,3.691958391678e-10,7.046412074495e-01
,,3.692558511702e-10,7.046516211902e-01
,,3.693158631726e-10,7.046620094038e-01
,,3.693758751750e-10,7.046723721144e-01
,,3.694358871774e-10,7.046827093463e-01
,,3.694958991798e-10,7.046930211235e-01
,,3.695559111822e-10,7.047033074703e-01
,,3.696159231846e-10,7.047135684106e-01
,,3.696759351870e-10,7.047238039687e-01
,,3.697359471894e-10,7.047340141685e-01
,,3.697959591918e-10,7.047441990341e-01
,,3.698559711942e-10,7.047543585895e-01
,,3.699159831966e-10,7.047644928587e-01
,,3.699759951990e-10,7.047746018656e-01
,,3.700360072014e-10,7.047846856341e-01
,,3.700960192038e-10,7.047947441882e-01
,,3.701560312062e-10,7.048047775517e-01
,,3.702160432086e-10,7.048147857485e-01
,,3.702760552110e-10,7.048247688024e-01
,,3.703360672134e-10,7.048347267371e-01
,,3.703960792158e-10,7.048446595765e-01
,,3.704560912182e-10,7.048545673444e-01
,,3.705161032206e-10,7.048644500643e-01
,,3.705761152230e-10,7.048743077601e-01
,,3.706361272254e-10,7.048841404553e-01
,,3.706961392278e-10,7.048939481737e-01
,,3.707561512302e-10,7.049037309388e-01
,,3.708161632326e-10,7.049134887743e-01
,,3.708761752350e-10,7.049232217037e-01
,,3.709361872374e-10,7.049329297506e-01
,,3.709961992398e-10,7.049426129384e-01
,,3.710562112422e-10,7.049522712907e-01
,,3.711162232446e-10,7.049619048309e-01
,,3.711762352470e-10,7.049715135825e-01
,,3.712362472494e-10,7.049810975689e-01
,,3.712962592519e-10,7.049906568135e-01
,,3.713562712543e-10,7.050001913396e-01
,,3.714162832567e-10,7.050097011706e-01
,,3.714762952591e-10,7.050191863298e-01
,,3.715363072615e-10,7.050286468405e-01
,,3.715963192639e-10,7.050380827260e-01
,,3.716563312663e-10,7.050474940095e-01
,,3.717163432687e-10,7.050568807141e-01
,,3.717763552711e-10,7.050662428632e-01
,,3.718363672735e-10,7.050755804799e-01
,,3.718963792759e-10,7.050848935873e-01
,,3.719563912783e-10,7.050941822085e-01
,,3.720164032807e-10,7.051034463667e-01
,,3.720764152831e-10,7.051126860849e-01
,,3.721364272855e-10,7.051219013861e-01
,,3.721964392879e-10,7.051310922933e-01
,,3.722564512903e-10,7.051402588296e-01
,,3.723164632927e-10,7.051494010179e-01
,,3.723764752951e-10,7.051585188812e-01
,,3.724364872975e-10,7.051676124424e-01
,,3.724964992999e-10,7.051766817244e-01
,,3.725565113023e-10,7.051857267500e-01
,,3.726165233047e-10,7.051947475421e-01
,,3.726765353071e-10,7.052037441235e-01
,,3.727365473095e-10,7.052127165171e-01
,,3.727965593119e-10,7.052216647455e-01
,,3.728565713143e-10,7.052305888316e-01
,,3.729165833167e-10,7.052394887980e-01
,,3.729765953191e-10,7.052483646675e-01
,,3.730366073215e-10,7.052572164628e-01
,,3.730966193239e-10,7.052660442065e-01
,,3.731566313263e-10,7.052748479211e-01
,,3.732166433287e-10,7.052836276295e-01
,,3.732766553311e-10,7.052923833540e-01
,,3.733366673335e-10,7.053011151173e-01
,,3.733966793359e-10,7.053098229419e-01
,,3.734566913383e-10,7.053185068503e-01
,,3.735167033407e-10,7.053271668650e-01
,,3.735767153431e-10,7.053358030084e-01
,,3.736367273455e-10,7.053444153030e-01
,,3.736967393479e-10,7.053530037713e-01
,,3.737567513503e-10,7.053615684355e-01
,,3.738167633527e-10,7.053701093181e-01
,,3.738767753551e-10,7.053786264413e-01
,,3.739367873575e-10,7.053871198276e-01
,,3.739967993599e-10,7.053955894992e-01
,,3.740568113623e-10,7.054040354784e-01
,,3.741168233647e-10,7.054124577874e-01
,,3.741768353671e-10,7.054208564484e-01
,,3.742368473695e-10,7.054292314837e-01
,,3.742968593719e-10,7.054375829154e-01
,,3.743568713743e-10,7.054459107657e-01
,,3.744168833767e-10,7.054542150567e-01
,,3.744768953791e-10,7.054624958105e-01
,,3.745369073815e-10,7.054707530492e-01
,,3.745969193839e-10,7.054789867948e-01
,,3.746569313863e-10,7.054871970694e-01
,,3.747169433887e-10,7.054953838950e-01
,,3.747769553911e-10,7.055035472936e-01
,,3.748369673935e-10,7.055116872871e-01
,,3.748969793959e-10,7.055198038976e-01
,,3.749569913983e-10,7.055278971468e-01
,,3.750170034007e-10,7.055359670567e-01
,,3.750770154031e-10,7.055440136492e-01
,,3.751370274055e-10,7.055520369462e-01
,,3.751970394079e-10,7.055600369694e-01
,,3.752570514103e-10,7.055680137406e-01
,,3.753170634127e-10,7.055759672817e-01
,,3.753770754151e-10,7.055838976143e-01
,,3.754370874175e-10,7.055918047603e-01
,,3.754970994199e-10,7.055996887414e-01
,,3.755571114223e-10,7.056075495791e-01
,,3.756171234247e-10,7.056153872952e-01
,,3.756771354271e-10,7.056232019114e-01
,,3.757371474295e-10,7.056309934492e-01
,,3.757971594319e-10,7.056387619303e-01
,,3.758571714343e-10,7.056465073762e-01
,,3.759171834367e-10,7.056542298084e-01
,,3.759771954391e-10,7.056619292486e-01
,,3.760372074415e-10,7.056696057181e-01
,,3.760972194439e-10,7.056772592386e-01
,,3.761572314463e-10,7.056848898314e-01
,,3.762172434487e-10,7.056924975180e-01
,,3.762772554511e-10,7.057000823197e-01
,,3.763372674535e-10,7.057076442581e-01
,,3.763972794559e-10,7.057151833544e-01
,,3.764572914583e-10,7.057226996301e-01
,,3.765173034607e-10,7.057301931064e-01
,,3.765773154631e-10,7.057376638046e-01
,,3.766373274655e-10,7.057451117460e-01
,,3.766973394679e-10,7.057525369519e-01
,,3.767573514703e-10,7.057599394436e-01
,,3.768173634727e-10,7.057673192421e-01
,,3.768773754751e-10,7.057746763688e-01
,,3.769373874775e-10,7.057820108447e-01
,,3.769973994799e-10,7.057893226911e-01
,,3.770574114823e-10,7.057966119290e-01
,,3.771174234847e-10,7.058038785796e-01
,,3.771774354871e-10,7.058111226639e-01
,,3.772374474895e-10,7.058183442030e-01
,,3.772974594919e-10,7.058255432180e-01
,,3.773574714943e-10,7.058327197297e-01
,,3.774174834967e-10,7.058398737594e-01
,,3.774774954991e-10,7.058470053278e-01
,,3.775375075015e-10,7.058541144559e-01
,,3.775975195039e-10,7.058612011648e-01
,,3.776575315063e-10,7.058682654752e-01
,,3.777175435087e-10,7.058753074081e-01
,,3.777775555111e-10,7.058823269843e-01
,,3.778375675135e-10,7.058893242246e-01
,,3.778975795159e-10,7.058962991500e-01
,,3.779575915183e-10,7.059032517811e-01
,,3.780176035207e-10,7.059101821387e-01
,,3.780776155231e-10,7.059170902436e-01
,,3.781376275255e-10,7.059239761166e-01
,,3.781976395279e-10,7.059308397782e-01
,,3.782576515303e-10,7.059376812493e-01
,,3.783176635327e-10,7.059445005505e-01
,,3.783776755351e-10,7.059512977023e-01
,,3.784376875375e-10,7.059580727255e-01
,,3.784976995399e-10,7.059648256407e-01
,,3.785577115423e-10,7.059715564684e-01
,,3.786177235447e-10,7.059782652291e-01
,,3.786777355471e-10,7.059849519434e-01
,,3.787377475495e-10,7.059916166319e-01
,,3.787977595519e-10,7.059982593150e-01
,,3.788577715543e-10,7.060048800131e-01
,,3.789177835567e-10,7.060114787468e-01
,,3.789777955591e-10,7.060180555365e-01
,,3.790378075615e-10,7.060246104025e-01
,,3.790978195639e-10,7.060311433652e-01
,,3.791578315663e-10,7.060376544451e-01
,,3.792178435687e-10,7.060441436624e-01
,,3.792778555711e-10,7.060506110376e-01
,,3.793378675735e-10,7.060570565907e-01
,,3.793978795759e-10,7.060634803423e-01
,,3.794578915783e-10,7.060698823124e-01
,,3.795179035807e-10,7.060762625215e-01
,,3.795779155831e-10,7.060826209895e-01
,,3.796379275855e-10,7.060889577369e-01
,,3.796979395879e-10,7.060952727836e-01
,,3.797579515903e-10,7.061015661500e-01
,,3.798179635927e-10,7.061078378561e-01
,,3.798779755951e-10,7.061140879220e-01
,,3.799379875975e-10,7.061203163679e-01
,,3.799979995999e-10,7.061265232137e-01
,,3.800580116023e-10,7.061327084795e-01
,,3.801180236047e-10,7.061388721855e-01
,,3.801780356071e-10,7.061450143515e-01
,,3.802380476095e-10,7.061511349975e-01
,,3.802980596119e-10,7.061572341436e-01
,,3.803580716143e-10,7.061633118097e-01
,,3.804180836167e-10,7.061693680156e-01
,,3.804780956191e-10,7.061754027814e-01
,,3.805381076215e-10,7.061814161268e-01
,,3.805981196239e-10,7.061874080717e-01
,,3.806581316263e-10,7.061933786361e-01
,,3.807181436287e-10,7.061993278396e-01
,,3.807781556311e-10,7.062052557021e-01
,,3.808381676335e-10,7.062111622434e-01
,,3.808981796359e-10,7.062170474832e-01
,,3.809581916383e-10,7.062229114413e-01
,,3.810182036407e-10,7.062287541375e-01
,,3.810782156431e-10,7.062345755912e-01
,,3.811382276455e-10,7.062403758224e-01
,,3.811982396479e-10,7.062461548506e-01
,,3.812582516503e-10,7.062519126954e-01
,,3.813182636527e-10,7.062576493765e-01
,,3.813782756551e-10,7.062633649135e-01
,,3.814382876575e-10,7.062690593260e-01
,,3.814982996599e-10,7.062747326334e-01
,,3.815583116623e-10,7.062803848554e-01
,,3.816183236647e-10,7.062860160114e-01
,,3.816783356671e-10,7.062916261210e-01
,,3.817383476695e-10,7.062972152036e-01
,,3.817983596719e-10,7.063027832786e-01
,,3.818583716743e-10,7.063083303656e-01
,,3.819183836767e-10,7.063138564839e-01
,,3.819783956791e-10,7.063193616529e-01
,,3.820384076815e-10,7.063248458920e-01
,,3.820984196839e-10,7.063303092206e-01
,,3.821584316863e-10,7.063357516579e-01
,,3.822184436887e-10,7.063411732233e-01
,,3.822784556911e-10,7.063465739361e-01
,,3.823384676935e-10,7.063519538156e-01
,,3.823984796959e-10,7.063573128810e-01
,,3.824584916983e-10,7.063626511515e-01
,,3.825185037007e-10,7.063679686464e-01
,,3.825785157031e-10,7.063732653849e-01
,,3.826385277055e-10,7.063785413861e-01
,,3.826985397079e-10,7.063837966691e-01
,,3.827585517103e-10,7.063890312533e-01
,,3.828185637127e-10,7.063942451575e-01
,,3.828785757151e-10,7.063994384010e-01
,,3.829385877175e-10,7.064046110028e-01
,,3.829985997199e-10,7.064097629820e-01
,,3.830586117223e-10,7.064148943575e-01
,,3.831186237247e-10,7.064200051486e-01
,,3.831786357271e-10,7.064250953740e-01
,,3.832386477295e-10,7.064301650528e-01
,,3.832986597319e-10,7.064352142040e-01
,,3.833586717343e-10,7.064402428465e-01
,,3.834186837367e-10,7.064452509993e-01
,,3.834786957391e-10,7.064502386811e-01
,,3.835387077415e-10,7.064552059109e-01
,,3.835987197439e-10,7.064601527077e-01
,,3.836587317463e-10,7.064650790901e-01
,,3.837187437487e-10,7.064699850770e-01
,,3.837787557512e-10,7.064748706873e-01
,,3.838387677536e-10,7.064797359398e-01
,,3.838987797560e-10,7.064845808531e-01
,,3.839587917584e-10,7.064894054460e-01
,,3.840188037608e-10,7.064942097373e-01
,,3.840788157632e-10,7.064989937456e-01
,,3.841388277656e-10,7.065037574897e-01
,,3.841988397680e-10,7.065085009883e-01
,,3.842588517704e-10,7.065132242599e-01
,,3.843188637728e-10,7.065179273232e-01
,,3.843788757752e-10,7.065226101968e-01
,,3.844388877776e-10,7.065272728994e-01
,,3.844988997800e-10,7.065319154494e-01
,,3.845589117824e-10,7.065365378655e-01
,,3.846189237848e-10,7.065411401661e-01
,,3.846789357872e-10,7.065457223699e-01
,,3.847389477896e-10,7.065502844952e-01
,,3.847989597920e-10,7.065548265606e-01
,,3.848589717944e-10,7.065593485845e-01
,,3.849189837968e-10,7.065638505854e-01
,,3.849789957992e-10,7.065683325817e-01
,,3.850390078016e-10,7.065727945917e-01
,,3.850990198040e-10,7.065772366340e-01
,,3.851590318064e-10,7.065816587268e-01
,,3.852190438088e-10,7.065860608885e-01
,,3.852790558112e-10,7.065904431374e-01
,,3.853390678136e-10,7.065948054919e-01
,,3.853990798160e-10,7.065991479702e-01
,,3.854590918184e-10,7.066034705906e-01
,,3.855191038208e-10,7.066077733713e-01
,,3.855791158232e-10,7.066120563306e-01
,,3.856391278256e-10,7.066163194867e-01
,,3.856991398280e-10,7.066205628578e-01
,,3.857591518304e-10,7.066247864621e-01
,,3.858191638328e-10,7.066289903177e-01
,,3.858791758352e-10,7.066331744428e-01
,,3.859391878376e-10,7.066373388556e-01
,,3.859991998400e-10,7.066414835740e-01
,,3.860592118424e-10,7.066456086162e-01
,,3.861192238448e-10,7.066497140003e-01
,,3.861792358472e-10,7.066537997443e-01
,,3.862392478496e-10,7.066578658663e-01
,,3.862992598520e-10,7.066619123842e-01
,,3.863592718544e-10,7.066659393161e-01
,,3.864192838568e-10,7.066699466799e-01
,,3.864792958592e-10,7.066739344936e-01
,,3.865393078616e-10,7.066779027751e-01
,,3.865993198640e-10,7.066818515424e-01
,,3.866593318664e-10,7.066857808133e-01
,,3.867193438688e-10,7.066896906058e-01
,,3.867793558712e-10,7.066935809377e-01
,,3.868393678736e-10,7.066974518269e-01
,,3.868993798760e-10,7.067013032911e-01
,,3.869593918784e-10,7.067051353483e-01
,,3.870194038808e-10,7.067089480161e-01
,,3.870794158832e-10,7.067127413124e-01
,,3.871394278856e-10,7.067165152550e-01
,,3.871994398880e-10,7.067202698615e-01
,,3.872594518904e-10,7.067240051498e-01
,,3.873194638928e-10,7.067277211374e-01
,,3.873794758952e-10,7.067314178421e-01
,,3.874394878976e-10,7.067350952816e-01
,,3.874994999000e-10,7.067387534735e-01
,,3.875595119024e-10,7.067423924355e-01
,,3.876195239048e-10,7.067460121850e-01
,,3.876795359072e-10,7.067496127399e-01
,,3.877395479096e-10,7.067531941176e-01
,,3.877995599120e-10,7.067567563357e-01
,,3.878595719144e-10,7.067602994117e-01
,,3.879195839168e-10,7.067638233632e-01
,,3.879795959192e-10,7.067673282076e-01
,,3.880396079216e-10,7.067708139625e-01
,,3.880996199240e-10,7.067742806454e-01
,,3.881596319264e-10,7.067777282737e-01
,,3.882196439288e-10,7.067811568647e-01
,,3.882796559312e-10,7.067845664361e-01
,,3.883396679336e-10,7.067879570051e-01
,,3.883996799360e-10,7.067913285891e-01
,,3.884596919384e-10,7.067946812055e-01
,,3.885197039408e-10,7.067980148717e-01
,,3.885797159432e-10,7.068013296050e-01
,,3.886397279456e-10,7.068046254227e-01
,,3.886997399480e-10,7.068079023421e-01
,,3.887597519504e-10,7.068111603804e-01
,,3.888197639528e-10,7.068143995550e-01
,,3.888797759552e-10,7.068176198831e-01
,,3.889397879576e-10,7.068208213819e-01
,,3.889997999600e-10,7.068240040686e-01
,,3.890598119624e-10,7.068271679605e-01
,,3.891198239648e-10,7.068303130746e-01
,,3.891798359672e-10,7.068334394282e-01
,,3.892398479696e-10,7.068365470383e-01
,,3.892998599720e-10,7.068396359222e-01
,,3.893598719744e-10,7.068427060969e-01
,,3.894198839768e-10,7.068457575795e-01
,,3.894798959792e-10,7.068487903871e-01
,,3.895399079816e-10,7.068518045368e-01
,,3.895999199840e-10,7.068548000455e-01
,,3.896599319864e-10,7.068577769303e-01
,,3.897199439888e-10,7.068607352082e-01
,,3.897799559912e-10,7.068636748961e-01
,,3.898399679936e-10,7.068665960111e-01
,,3.898999799960e-10,7.068694985702e-01
,,3.899599919984e-10,7.068723825901e-01
,,3.900200040008e-10,7.068752480880e-01
,,3.900800160032e-10,7.068780950805e-01
,,3.901400280056e-10,7.068809235847e-01
,,3.902000400080e-10,7.068837336175e-01
,,3.902600520104e-10,7.068865251955e-01
,,3.903200640128e-10,7.068892983358e-01
,,3.903800760152e-10,7.068920530551e-01
,,3.904400880176e-10,7.068947893701e-01
,,3.905001000200e-10,7.068975072978e-01
,,3.905601120224e-10,7.069002068548e-01
,,3.906201240248e-10,7.069028880579e-01
,,3.906801360272e-10,7.069055509239e-01
,,3.907401480296e-10,7.069081954694e-01
,,3.908001600320e-10,7.069108217111e-01
,,3.908601720344e-10,7.069134296658e-01
,,3.909201840368e-10,7.069160193500e-01
,,3.909801960392e-10,7.069185907805e-01
,,3.910402080416e-10,7.069211439739e-01
,,3.911002200440e-10,7.069236789467e-01
,,3.911602320464e-10,7.069261957157e-01
,,3.912202440488e-10,7.069286942973e-01
,,3.912802560512e-10,7.069311747081e-01
,,3.913402680536e-10,7.069336369647e-01
,,3.914002800560e-10,7.069360810836e-01
,,3.914602920584e-10,7.069385070814e-01
,,3.915203040608e-10,7.069409149744e-01
,,3.915803160632e-10,7.069433047793e-01
,,3.916403280656e-10,7.069456765124e-01
,,3.917003400680e-10,7.069480301903e-01
,,3.917603520704e-10,7.069503658293e-01
,,3.918203640728e-10,7.069526834459e-01
,,3.918803760752e-10,7.069549830564e-01
,,3.919403880776e-10,7.069572646773e-01
,,3.920004000800e-10,7.069595283249e-01
,,3.920604120824e-10,7.069617740156e-01
,,3.921204240848e-10,7.069640017657e-01
,,3.921804360872e-10,7.069662115915e-01
,,3.922404480896e-10,7.069684035093e-01
,,3.923004600920e-10,7.069705775355e-01
,,3.923604720944e-10,7.069727336862e-01
,,3.924204840968e-10,7.069748719778e-01
,,3.924804960992e-10,7.069769924264e-01
,,3.925405081016e-10,7.069790950483e-01
,,3.926005201040e-10,7.069811798597e-01
,,3.926605321064e-10,7.069832468768e-01
,,3.927205441088e-10,7.069852961157e-01
,,3.927805561112e-10,7.069873275926e-01
,,3.928405681136e-10,7.069893413237e-01
,,3.929005801160e-10,7.069913373251e-01
,,3.929605921184e-10,7.069933156128e-01
,,3.930206041208e-10,7.069952762030e-01
,,3.930806161232e-10,7.069972191118e-01
,,3.931406281256e-10,7.069991443552e-01
,,3.932006401280e-10,7.070010519492e-01
,,3.932606521304e-10,7.070029419099e-01
,,3.933206641328e-10,7.070048142532e-01
,,3.933806761352e-10,7.070066689953e-01
,,3.934406881376e-10,7.070085061520e-01
,,3.935007001400e-10,7.070103257394e-01
,,3.935607121424e-10,7.070121277734e-01
,,3.936207241448e-10,7.070139122698e-01
,,3.936807361472e-10,7.070156792447e-01
,,3.937407481496e-10,7.070174287139e-01
,,3.938007601520e-10,7.070191606933e-01
,,3.938607721544e-10,7.070208751988e-01
,,3.939207841568e-10,7.070225722462e-01
,,3.939807961592e-10,7.070242518514e-01
,,3.940408081616e-10,7.070259140302e-01
,,3.941008201640e-10,7.070275587984e-01
,,3.941608321664e-10,7.070291861718e-01
,,3.942208441688e-10,7.070307961661e-01
,,3.942808561712e-10,7.070323887972e-01
,,3.943408681736e-10,7.070339640807e-01
,,3.944008801760e-10,7.070355220324e-01
,,3.944608921784e-10,7.070370626681e-01
,,3.945209041808e-10,7.070385860033e-01
,,3.945809161832e-10,7.070400920538e-01
,,3.946409281856e-10,7.070415808353e-01
,,3.947009401880e-10,7.070430523634e-01
,,3.947609521904e-10,7.070445066537e-01
,,3.948209641928e-10,7.070459437218e-01
,,3.948809761952e-10,7.070473635834e-01
,,3.949409881976e-10,7.070487662541e-01
,,3.950010002000e-10,7.070501517494e-01
,,3.950610122024e-10,7.070515200848e-01
,,3.951210242048e-10,7.070528712760e-01
,,3.951810362072e-10,7.070542053384e-01
,,3.952410482096e-10,7.070555222875e-01
,,3.953010602120e-10,7.070568221389e-01
,,3.953610722144e-10,7.070581049081e-01
,,3.954210842168e-10,7.070593706104e-01
,,3.954810962192e-10,7.070606192614e-01
,,3.955411082216e-10,7.070618508765e-01
,,3.956011202240e-10,7.070630654710e-01
,,3.956611322264e-10,7.070642630605e-01
,,3.957211442288e-10,7.070654436602e-01
,,3.957811562312e-10,7.070666072856e-01
,,3.958411682336e-10,7.070677539521e-01
,,3.959011802360e-10,7.070688836749e-01
,,3.959611922384e-10,7.070699964694e-01
,,3.960212042408e-10,7.070710923509e-01
,,3.960812162432e-10,7.070721713347e-01
,,3.961412282456e-10,7.070732334362e-01
,,3.962012402480e-10,7.070742786704e-01
,,3.962612522505e-10,7.070753070528e-01
,,3.963212642529e-10,7.070763185985e-01
,,3.963812762553e-10,7.070773133228e-01
,,3.964412882577e-10,7.070782912409e-01
,,3.965013002601e-10,7.070792523679e-01
,,3.965613122625e-10,7.070801967191e-01
,,3.966213242649e-10,7.070811243096e-01
,,3.966813362673e-10,7.070820351546e-01
,,3.967413482697e-10,7.070829292691e-01
,,3.968013602721e-10,7.070838066684e-01
,,3.968613722745e-10,7.070846673675e-01
,,3.969213842769e-10,7.070855113815e-01
,,3.969813962793e-10,7.070863387254e-01
,,3.970414082817e-10,7.070871494144e-01
,,3.971014202841e-10,7.070879434635e-01
,,3.971614322865e-10,7.070887208876e-01
,,3.972214442889e-10,7.070894817019e-01
,,3.972814562913e-10,7.070902259213e-01
,,3.973414682937e-10,7.070909535609e-01
,,3.974014802961e-10,7.070916646355e-01
,,3.974614922985e-10,7.070923591601e-01
,,3.975215043009e-10,7.070930371497e-01
,,3.975815163033e-10,7.070936986191e-01
,,3.976415283057e-10,7.070943435834e-01
,,3.977015403081e-10,7.070949720574e-01
,,3.977615523105e-10,7.070955840560e-01
,,3.978215643129e-10,7.070961795941e-01
,,3.978815763153e-10,7.070967586864e-01
,,3.979415883177e-10,7.070973213479e-01
,,3.980016003201e-10,7.070978675933e-01
,,3.980616123225e-10,7.070983974376e-01
,,3.981216243249e-10,7.070989108954e-01
,,3.981816363273e-10,7.070994079815e-01
,,3.982416483297e-10,7.070998887108e-01
,,3.983016603321e-10,7.071003530980e-01
,,3.983616723345e-10,7.071008011577e-01
,,3.984216843369e-10,7.071012329048e-01
,,3.984816963393e-10,7.071016483539e-01
,,3.985417083417e-10,7.071020475197e-01
,,3.986017203441e-10,7.071024304170e-01
,,3.986617323465e-10,7.071027970603e-01
,,3.987217443489e-10,7.071031474643e-01
,,3.987817563513e-10,7.071034816437e-01
,,3.988417683537e-10,7.071037996131e-01
,,3.989017803561e-10,7.071041013871e-01
,,3.989617923585e-10,7.071043869802e-01
,,3.990218043609e-10,7.071046564071e-01
,,3.990818163633e-10,7.071049096824e-01
,,3.991418283657e-10,7.071051468205e-01
,,3.992018403681e-10,7.071053678360e-01
,,3.992618523705e-10,7.071055727435e-01
,,3.993218643729e-10,7.071057615574e-01
,,3.993818763753e-10,7.071059342922e-01
,,3.994418883777e-10,7.071060909624e-01
,,3.995019003801e-10,7.071062315825e-01
,,3.995619123825e-10,7.071063561670e-01
,,3.996219243849e-10,7.071064647302e-01
,,3.996819363873e-10,7.071065572866e-01
,,3.997419483897e-10,7.071066338506e-01
,,3.998019603921e-10,7.071066944366e-01
,,3.998619723945e-10,7.071067390589e-01
,,3.999219843969e-10,7.071067677321e-01
,,3.999819963993e-10,7.071067804703e-01
,,4.000420084017e-10,7.071067772879e-01
,,4.001020204041e-10,7.071067581993e-01
,,4.001620324065e-10,7.071067232187e-01
,,4.002220444089e-10,7.071066723605e-01
,,4.002820564113e-10,7.071066056390e-01
,,4.003420684137e-10,7.071065230684e-01
,,4.004020804161e-10,7.071064246629e-01
,,4.004620924185e-10,7.071063104369e-01
,,4.005221044209e-10,7.071061804045e-01
,,4.005821164233e-10,7.071060345799e-01
,,4.006421284257e-10,7.071058729774e-01
,,4.007021404281e-10,7.071056956112e-01
,,4.007621524305e-10,7.071055024953e-01
,,4.008221644329e-10,7.071052936441e-01
,,4.008821764353e-10,7.071050690715e-01
,,4.009421884377e-10,7.071048287918e-01
,,4.010022004401e-10,7.071045728190e-01
,,4.010622124425e-10,7.071043011673e-01
,,4.011222244449e-10,7.071040138508e-01
,,4.011822364473e-10,7.071037108835e-01
,,4.012422484497e-10,7.071033922795e-01
,,4.013022604521e-10,7.071030580528e-01
,,4.013622724545e-10,7.071027082175e-01
,,4.014222844569e-10,7.071023427876e-01
,,4.014822964593e-10,7.071019617770e-01
,,4.015423084617e-10,7.071015651999e-01
,,4.016023204641e-10,7.071011530702e-01
,,4.016623324665e-10,7.071007254018e-01
,,4.017223444689e-10,7.071002822087e-01
,,4.017823564713e-10,7.070998235049e-01
,,4.018423684737e-10,7.070993493042e-01
,,4.019023804761e-10,7.070988596206e-01
,,4.019623924785e-10,7.070983544680e-01
,,4.020224044809e-10,7.070978338602e-01
,,4.020824164833e-10,7.070972978112e-01
,,4.021424284857e-10,7.070967463347e-01
,,4.022024404881e-10,7.070961794447e-01
,,4.022624524905e-10,7.070955971550e-01
,,4.023224644929e-10,7.070949994794e-01
,,4.023824764953e-10,7.070943864316e-01
,,4.024424884977e-10,7.070937580256e-01
,,4.025025005001e-10,7.070931142750e-01
,,4.025625125025e-10,7.070924551936e-01
,,4.026225245049e-10,7.070917807953e-01
,,4.026825365073e-10,7.070910910936e-01
,,4.027425485097e-10,7.070903861024e-01
,,4.028025605121e-10,7.070896658354e-01
,,4.028625725145e-10,7.070889303062e-01
,,4.029225845169e-10,7.070881795286e-01
,,4.029825965193e-10,7.070874135161e-01
,,4.030426085217e-10,7.070866322826e-01
,,4.031026205241e-10,7.070858358416e-01
,,4.031626325265e-10,7.070850242067e-01
,,4.032226445289e-10,7.070841973916e-01
,,4.032826565313e-10,7.070833554099e-01
,,4.033426685337e-10,7.070824982751e-01
,,4.034026805361e-10,7.070816260010e-01
,,4.034626925385e-10,7.070807386009e-01
,,4.035227045409e-10,7.070798360885e-01
,,4.035827165433e-10,7.070789184773e-01
,,4.036427285457e-10,7.070779857809e-01
,,4.037027405481e-10,7.070770380127e-01
,,4.037627525505e-10,7.070760751863e-01
,,4.038227645529e-10,7.070750973151e-01
,,4.038827765553e-10,7.070741044127e-01
,,4.039427885577e-10,7.070730964925e-01
,,4.040028005601e-10,7.070720735679e-01
,,4.040628125625e-10,7.070710356523e-01
,,4.041228245649e-10,7.070699827593e-01
,,4.041828365673e-10,7.070689149022e-01
,,4.042428485697e-10,7.070678320943e-01
,,4.043028605721e-10,7.070667343492e-01
,,4.043628725745e-10,7.070656216801e-01
,,4.044228845769e-10,7.070644941005e-01
,,4.044828965793e-10,7.070633516236e-01
,,4.045429085817e-10,7.070621942629e-01
,,4.046029205841e-10,7.070610220315e-01
,,4.046629325865e-10,7.070598349429e-01
,,4.047229445889e-10,7.070586330104e-01
,,4.047829565913e-10,7.070574162471e-01
,,4.048429685937e-10,7.070561846664e-01
,,4.049029805961e-10,7.070549382816e-01
,,4.049629925985e-10,7.070536771058e-01
,,4.050230046009e-10,7.070524011524e-01
,,4.050830166033e-10,7.070511104344e-01
,,4.051430286057e-10,7.070498049653e-01
,,4.052030406081e-10,7.070484847580e-01
,,4.052630526105e-10,7.070471498259e-01
,,4.053230646129e-10,7.070458001820e-01
,,4.053830766153e-10,7.070444358396e-01
,,4.054430886177e-10,7.070430568118e-01
,,4.055031006201e-10,7.070416631117e-01
,,4.055631126225e-10,7.070402547524e-01
,,4.056231246249e-10,7.070388317470e-01
,,4.056831366273e-10,7.070373941086e-01
,,4.057431486297e-10,7.070359418504e-01
,,4.058031606321e-10,7.070344749853e-01
,,4.058631726345e-10,7.070329935265e-01
,,4.059231846369e-10,7.070314974869e-01
,,4.059831966393e-10,7.070299868796e-01
,,4.060432086417e-10,7.070284617177e-01
,,4.061032206441e-10,7.070269220141e-01
,,4.061632326465e-10,7.070253677817e-01
,,4.062232446489e-10,7.070237990337e-01
,,4.062832566513e-10,7.070222157829e-01
,,4.063432686537e-10,7.070206180424e-01
,,4.064032806561e-10,7.070190058250e-01
,,4.064632926585e-10,7.070173791437e-01
,,4.065233046609e-10,7.070157380114e-01
,,4.065833166633e-10,7.070140824410e-01
,,4.066433286657e-10,7.070124124454e-01
,,4.067033406681e-10,7.070107280375e-01
,,4.067633526705e-10,7.070090292302e-01
,,4.068233646729e-10,7.070073160363e-01
,,4.068833766753e-10,7.070055884686e-01
,,4.069433886777e-10,7.070038465400e-01
,,4.070034006801e-10,7.070020902633e-01
,,4.070634126825e-10,7.070003196514e-01
,,4.071234246849e-10,7.069985347169e-01
,,4.071834366873e-10,7.069967354728e-01
,,4.072434486897e-10,7.069949219317e-01
,,4.073034606921e-10,7.069930941064e-01
,,4.073634726945e-10,7.069912520097e-01
,,4.074234846969e-10,7.069893956543e-01
,,4.074834966993e-10,7.069875250529e-01
,,4.075435087017e-10,7.069856402183e-01
,,4.076035207041e-10,7.069837411631e-01
,,4.076635327065e-10,7.069818279000e-01
,,4.077235447089e-10,7.069799004417e-01
,,4.077835567113e-10,7.069779588008e-01
,,4.078435687137e-10,7.069760029901e-01
,,4.079035807161e-10,7.069740330221e-01
,,4.079635927185e-10,7.069720489094e-01
,,4.080236047209e-10,7.069700506647e-01
,,4.080836167233e-10,7.069680383006e-01
,,4.081436287257e-10,7.069660118297e-01
,,4.082036407281e-10,7.069639712645e-01
,,4.082636527305e-10,7.069619166177e-01
,,4.083236647329e-10,7.069598479017e-01
,,4.083836767353e-10,7.069577651290e-01
,,4.084436887377e-10,7.069556683124e-01
,,4.085037007401e-10,7.069535574642e-01
,,4.085637127425e-10,7.069514325969e-01
,,4.086237247449e-10,7.069492937231e-01
,,4.086837367473e-10,7.069471408552e-01
,,4.087437487497e-10,7.069449740057e-01
,,4.088037607522e-10,7.069427931871e-01
,,4.088637727546e-10,7.069405984118e-01
,,4.089237847570e-10,7.069383896922e-01
,,4.089837967594e-10,7.069361670408e-01
,,4.090438087618e-10,7.069339304700e-01
,,4.091038207642e-10,7.069316799921e-01
,,4.091638327666e-10,7.069294156196e-01
,,4.092238447690e-10,7.069271373649e-01
,,4.092838567714e-10,7.069248452402e-01
,,4.093438687738e-10,7.069225392580e-01
,,4.094038807762e-10,7.069202194306e-01
,,4.094638927786e-10,7.069178857703e-01
,,4.095239047810e-10,7.069155382894e-01
,,4.095839167834e-10,7.069131770003e-01
,,4.096439287858e-10,7.069108019152e-01
,,4.097039407882e-10,7.069084130465e-01
,,4.097639527906e-10,7.069060104063e-01
,,4.098239647930e-10,7.069035940070e-01
,,4.098839767954e-10,7.069011638607e-01
,,4.099439887978e-10,7.068987199798e-01
,,4.100040008002e-10,7.068962623765e-01
,,4.100640128026e-10,7.068937910629e-01
,,4.101240248050e-10,7.068913060513e-01
,,4.101840368074e-10,7.068888073538e-01
,,4.102440488098e-10,7.068862949827e-01
,,4.103040608122e-10,7.068837689500e-01
,,4.103640728146e-10,7.068812292681e-01
,,4.104240848170e-10,7.068786759489e-01
,,4.104840968194e-10,7.068761090046e-01
,,4.105441088218e-10,7.068735284474e-01
,,4.106041208242e-10,7.068709342893e-01
,,4.106641328266e-10,7.068683265425e-01
,,4.107241448290e-10,7.068657052191e-01
,,4.107841568314e-10,7.068630703310e-01
,,4.108441688338e-10,7.068604218904e-01
,,4.109041808362e-10,7.068577599094e-01
,,4.109641928386e-10,7.068550843999e-01
,,4.110242048410e-10,7.068523953740e-01
,,4.110842168434e-10,7.068496928437e-01
,,4.111442288458e-10,7.068469768211e-01
,,4.112042408482e-10,7.068442473181e-01
,,4.112642528506e-10,7.068415043466e-01
,,4.113242648530e-10,7.068387479187e-01
,,4.113842768554e-10,7.068359780464e-01
,,4.114442888578e-10,7.068331947415e-01
,,4.115043008602e-10,7.068303980161e-01
,,4.115643128626e-10,7.068275878820e-01
,,4.116243248650e-10,7.068247643511e-01
,,4.116843368674e-10,7.068219274354e-01
,,4.117443488698e-10,7.068190771468e-01
,,4.118043608722e-10,7.068162134971e-01
,,4.118643728746e-10,7.068133364982e-01
,,4.119243848770e-10,7.068104461620e-01
,,4.119843968794e-10,7.068075425003e-01
,,4.120444088818e-10,7.068046255250e-01
,,4.121044208842e-10,7.068016952478e-01
,,4.121644328866e-10,7.067987516807e-01
,,4.122244448890e-10,7.067957948353e-01
,,4.122844568914e-10,7.067928247236e-01
,,4.123444688938e-10,7.067898413572e-01
,,4.124044808962e-10,7.067868447479e-01
,,4.124644928986e-10,7.067838349076e-01
,,4.125245049010e-10,7.067808118479e-01
,,4.125845169034e-10,7.067777755806e-01
,,4.126445289058e-10,7.067747261174e-01
,,4.127045409082e-10,7.067716634700e-01
,,4.127645529106e-10,7.067685876502e-01
,,4.128245649130e-10,7.067654986696e-01
,,4.128845769154e-10,7.067623965399e-01
,,4.129445889178e-10,7.067592812728e-01
,,4.130046009202e-10,7.067561528800e-01
,,4.130646129226e-10,7.067530113730e-01
,,4.131246249250e-10,7.067498567635e-01
,,4.131846369274e-10,7.067466890633e-01
,,4.132446489298e-10,7.067435082838e-01
,,4.133046609322e-10,7.067403144366e-01
,,4.133646729346e-10,7.067371075335e-01
,,4.134246849370e-10,7.067338875859e-01
,,4.134846969394e-10,7.067306546054e-01
,,4.135447089418e-10,7.067274086036e-01
,,4.136047209442e-10,7.067241495921e-01
,,4.136647329466e-10,7.067208775824e-01
,,4.137247449490e-10,7.067175925859e-01
,,4.137847569514e-10,7.067142946143e-01
,,4.138447689538e-10,7.067109836791e-01
,,4.139047809562e-10,7.067076597917e-01
,,4.139647929586e-10,7.067043229636e-01
,,4.140248049610e-10,7.067009732063e-01
,,4.140848169634e-10,7.066976105313e-01
,,4.141448289658e-10,7.066942349500e-01
,,4.142048409682e-10,7.066908464738e-01
,,4.142648529706e-10,7.066874451143e-01
,,4.143248649730e-10,7.066840308828e-01
,,4.143848769754e-10,7.066806037907e-01
,,4.144448889778e-10,7.066771638494e-01
,,4.145049009802e-10,7.066737110704e-01
,,4.145649129826e-10,7.066702454649e-01
,,4.146249249850e-10,7.066667670444e-01
,,4.146849369874e-10,7.066632758203e-01
,,4.147449489898e-10,7.066597718038e-01
,,4.148049609922e-10,7.066562550063e-01
,,4.148649729946e-10,7.066527254392e-01
,,4.149249849970e-10,7.066491831137e-01
,,4.149849969994e-10,7.066456280412e-01
,,4.150450090018e-10,7.066420602329e-01
,,4.151050210042e-10,7.066384797002e-01
,,4.151650330066e-10,7.066348864543e-01
,,4.152250450090e-10,7.066312805064e-01
,,4.152850570114e-10,7.066276618679e-01
,,4.153450690138e-10,7.066240305499e-01
,,4.154050810162e-10,7.066203865638e-01
,,4.154650930186e-10,7.066167299206e-01
,,4.155251050210e-10,7.066130606317e-01
,,4.155851170234e-10,7.066093787082e-01
,,4.156451290258e-10,7.066056841613e-01
,,4.157051410282e-10,7.066019770023e-01
,,4.157651530306e-10,7.065982572422e-01
,,4.158251650330e-10,7.065945248922e-01
,,4.158851770354e-10,7.065907799635e-01
,,4.159451890378e-10,7.065870224672e-01
,,4.160052010402e-10,7.065832524144e-01
,,4.160652130426e-10,7.065794698163e-01
,,4.161252250450e-10,7.065756746840e-01
,,4.161852370474e-10,7.065718670285e-01
,,4.162452490498e-10,7.065680468609e-01
,,4.163052610522e-10,7.065642141924e-01
,,4.163652730546e-10,7.065603690339e-01
,,4.164252850570e-10,7.065565113966e-01
,,4.164852970594e-10,7.065526412915e-01
,,4.165453090618e-10,7.065487587295e-01
,,4.166053210642e-10,7.065448637219e-01
,,4.166653330666e-10,7.065409562794e-01
,,4.167253450690e-10,7.065370364133e-01
,,4.167853570714e-10,7.065331041343e-01
,,4.168453690738e-10,7.065291594536e-01
,,4.169053810762e-10,7.065252023821e-01
,,4.169653930786e-10,7.065212329308e-01
,,4.170254050810e-10,7.065172511106e-01
,,4.170854170834e-10,7.065132569325e-01
,,4.171454290858e-10,7.065092504073e-01
,,4.172054410882e-10,7.065052315461e-01
,,4.172654530906e-10,7.065012003597e-01
,,4.173254650930e-10,7.064971568590e-01
,,4.173854770954e-10,7.064931010549e-01
,,4.174454890978e-10,7.064890329584e-01
,,4.175055011002e-10,7.064849525802e-01
,,4.175655131026e-10,7.064808599312e-01
,,4.176255251050e-10,7.064767550224e-01
,,4.176855371074e-10,7.064726378644e-01
,,4.177455491098e-10,7.064685084682e-01
,,4.178055611122e-10,7.064643668446e-01
,,4.178655731146e-10,7.064602130044e-01
,,4.179255851170e-10,7.064560469583e-01
,,4.179855971194e-10,7.064518687173e-01
,,4.180456091218e-10,7.064476782920e-01
,,4.181056211242e-10,7.064434756932e-01
,,4.181656331266e-10,7.064392609317e-01
,,4.182256451290e-10,7.064350340183e-01
,,4.182856571314e-10,7.064307949636e-01
,,4.183456691338e-10,7.064265437785e-01
,,4.184056811362e-10,7.064222804736e-01
,,4.184656931386e-10,7.064180050596e-01
,,4.185257051410e-10,7.064137175473e-01
,,4.185857171434e-10,7.064094179473e-01
,,4.186457291458e-10,7.064051062704e-01
,,4.187057411482e-10,7.064007825271e-01
,,4.187657531506e-10,7.063964467282e-01
,,4.188257651530e-10,7.063920988843e-01
,,4.188857771554e-10,7.063877390060e-01
,,4.189457891578e-10,7.063833671040e-01
,,4.190058011602e-10,7.063789831889e-01
,,4.190658131626e-10,7.063745872713e-01
,,4.191258251650e-10,7.063701793619e-01
,,4.191858371674e-10,7.063657594711e-01
,,4.192458491698e-10,7.063613276096e-01
,,4.193058611722e-10,7.063568837880e-01
,,4.193658731746e-10,7.063524280169e-01
,,4.194258851770e-10,7.063479603067e-01
,,4.194858971794e-10,7.063434806680e-01
,,4.195459091818e-10,7.063389891114e-01
,,4.196059211842e-10,7.063344856474e-01
,,4.196659331866e-10,7.063299702864e-01
,,4.197259451890e-10,7.063254430391e-01
,,4.197859571914e-10,7.063209039158e-01
,,4.198459691938e-10,7.063163529272e-01
,,4.199059811962e-10,7.063117900836e-01
,,4.199659931986e-10,7.063072153955e-01
,,4.200260052010e-10,7.063026288734e-01
,,4.200860172034e-10,7.062980305278e-01
,,4.201460292058e-10,7.062934203690e-01
,,4.202060412082e-10,7.062887984075e-01
,,4.202660532106e-10,7.062841646537e-01
,,4.203260652130e-10,7.062795191181e-01
,,4.203860772154e-10,7.062748618109e-01
,,4.204460892178e-10,7.062701927427e-01
,,4.205061012202e-10,7.062655119237e-01
,,4.205661132226e-10,7.062608193644e-01
,,4.206261252250e-10,7.062561150752e-01
,,4.206861372274e-10,7.062513990663e-01
,,4.207461492298e-10,7.062466713481e-01
,,4.208061612322e-10,7.062419319309e-01
,,4.208661732346e-10,7.062371808252e-01
,,4.209261852370e-10,7.062324180411e-01
,,4.209861972394e-10,7.062276435890e-01
,,4.210462092418e-10,7.062228574791e-01
,,4.211062212442e-10,7.062180597218e-01
,,4.211662332466e-10,7.062132503274e-01
,,4.212262452490e-10,7.062084293061e-01
,,4.212862572515e-10,7.062035966681e-01
,,4.213462692539e-10,7.061987524237e-01
,,4.214062812563e-10,7.061938965832e-01
,,4.214662932587e-10,7.061890291568e-01
,,4.215263052611e-10,7.061841501546e-01
,,4.215863172635e-10,7.061792595869e-01
,,4.216463292659e-10,7.061743574640e-01
,,4.217063412683e-10,7.061694437959e-01
,,4.217663532707e-10,7.061645185929e-01
,,4.218263652731e-10,7.061595818651e-01
,,4.218863772755e-10,7.061546336228e-01
,,4.219463892779e-10,7.061496738760e-01
,,4.220064012803e-10,7.061447026349e-01
,,4.220664132827e-10,7.061397199096e-01
,,4.221264252851e-10,7.061347257103e-01
,,4.221864372875e-10,7.061297200471e-01
,,4.222464492899e-10,7.061247029301e-01
,,4.223064612923e-10,7.061196743693e-01
,,4.223664732947e-10,7.061146343749e-01
,,4.224264852971e-10,7.061095829570e-01
,,4.224864972995e-10,7.061045201256e-01
,,4.225465093019e-10,7.060994458908e-01
,,4.226065213043e-10,7.060943602625e-01
,,4.226665333067e-10,7.060892632510e-01
,,4.227265453091e-10,7.060841548662e-01
,,4.227865573115e-10,7.060790351181e-01
,,4.228465693139e-10,7.060739040167e-01
,,4.229065813163e-10,7.060687615721e-01
,,4.229665933187e-10,7.060636077943e-01
,,4.230266053211e-10,7.060584426931e-01
,,4.230866173235e-10,7.060532662787e-01
,,4.231466293259e-10,7.060480785609e-01
,,4.232066413283e-10,7.060428795498e-01
,,4.232666533307e-10,7.060376692553e-01
,,4.233266653331e-10,7.060324476873e-01
,,4.233866773355e-10,7.060272148558e-01
,,4.234466893379e-10,7.060219707706e-01
,,4.235067013403e-10,7.060167154418e-01
,,4.235667133427e-10,7.060114488791e-01
,,4.236267253451e-10,7.060061710926e-01
,,4.236867373475e-10,7.060008820920e-01
,,4.237467493499e-10,7.059955818873e-01
,,4.238067613523e-10,7.059902704884e-01
,,4.238667733547e-10,7.059849479050e-01
,,4.239267853571e-10,7.059796141471e-01
,,4.239867973595e-10,7.059742692244e-01
,,4.240468093619e-10,7.059689131469e-01
,,4.241068213643e-10,7.059635459244e-01
,,4.241668333667e-10,7.059581675665e-01
,,4.242268453691e-10,7.059527780833e-01
,,4.242868573715e-10,7.059473774844e-01
,,4.243468693739e-10,7.059419657796e-01
,,4.244068813763e-10,7.059365429788e-01
,,4.244668933787e-10,7.059311090917e-01
,,4.245269053811e-10,7.059256641280e-01
,,4.245869173835e-10,7.059202080976e-01
,,4.246469293859e-10,7.059147410101e-01
,,4.247069413883e-10,7.059092628753e-01
,,4.247669533907e-10,7.059037737029e-01
,,4.248269653931e-10,7.058982735027e-01
,,4.248869773955e-10,7.058927622843e-01
,,4.249469893979e-10,7.058872400574e-01
,,4.250070014003e-10,7.058817068318e-01
,,4.250670134027e-10,7.058761626170e-01
,,4.251270254051e-10,7.058706074229e-01
,,4.251870374075e-10,7.058650412590e-01
,,4.252470494099e-10,7.058594641350e-01
,,4.253070614123e-10,7.058538760606e-01
,,4.253670734147e-10,7.058482770453e-01
,,4.254270854171e-10,7.058426670989e-01
,,4.254870974195e-10,7.058370462309e-01
,,4.255471094219e-10,7.058314144510e-01
,,4.256071214243e-10,7.058257717687e-01
,,4.256671334267e-10,7.058201181937e-01
,,4.257271454291e-10,7.058144537354e-01
,,4.257871574315e-10,7.058087784036e-01
,,4.258471694339e-10,7.058030922078e-01
,,4.259071814363e-10,7.057973951575e-01
,,4.259671934387e-10,7.057916872623e-01
,,4.260272054411e-10,7.057859685317e-01
,,4.260872174435e-10,7.057802389753e-01
,,4.261472294459e-10,7.057744986025e-01
,,4.262072414483e-10,7.057687474230e-01
,,4.262672534507e-10,7.057629854462e-01
,,4.263272654531e-10,7.057572126815e-01
,,4.263872774555e-10,7.057514291386e-01
,,4.264472894579e-10,7.057456348268e-01
,,4.265073014603e-10,7.057398297557e-01
,,4.265673134627e-10,7.057340139347e-01
,,4.266273254651e-10,7.057281873733e-01
,,4.266873374675e-10,7.057223500809e-01
,,4.267473494699e-10,7.057165020669e-01
,,4.268073614723e-10,7.057106433408e-01
,,4.268673734747e-10,7.057047739120e-01
,,4.269273854771e-10,7.056988937900e-01
,,4.269873974795e-10,7.056930029840e-01
,,4.270474094819e-10,7.056871015036e-01
,,4.271074214843e-10,7.056811893581e-01
,,4.271674334867e-10,7.056752665569e-01
,,4.272274454891e-10,7.056693331093e-01
,,4.272874574915e-10,7.056633890247e-01
,,4.273474694939e-10,7.056574343125e-01
,,4.274074814963e-10,7.056514689820e-01
,,4.274674934987e-10,7.056454930426e-01
,,4.275275055011e-10,7.056395065035e-01
,,4.275875175035e-10,7.056335093741e-01
,,4.276475295059e-10,7.056275016637e-01
,,4.277075415083e-10,7.056214833817e-01
,,4.277675535107e-10,7.056154545372e-01
,,4.278275655131e-10,7.056094151396e-01
,,4.278875775155e-10,7.056033651982e-01
,,4.279475895179e-10,7.055973047223e-01
,,4.280076015203e-10,7.055912337210e-01
,,4.280676135227e-10,7.055851522037e-01
,,4.281276255251e-10,7.055790601795e-01
,,4.281876375275e-10,7.055729576578e-01
,,4.282476495299e-10,7.055668446477e-01
,,4.283076615323e-10,7.055607211586e-01
,,4.283676735347e-10,7.055545871994e-01
,,4.284276855371e-10,7.055484427796e-01
,,4.284876975395e-10,7.055422879083e-01
,,4.285477095419e-10,7.055361225946e-01
,,4.286077215443e-10,7.055299468478e-01
,,4.286677335467e-10,7.055237606769e-01
,,4.287277455491e-10,7.055175640913e-01
,,4.287877575515e-10,7.055113570999e-01
,,4.288477695539e-10,7.055051397120e-01
,,4.289077815563e-10,7.054989119368e-01
,,4.289677935587e-10,7.054926737832e-01
,,4.290278055611e-10,7.054864252605e-01
,,4.290878175635e-10,7.054801663778e-01
,,4.291478295659e-10,7.054738971441e-01
,,4.292078415683e-10,7.054676175686e-01
,,4.292678535707e-10,7.054613276604e-01
,,4.293278655731e-10,7.054550274284e-01
,,4.293878775755e-10,7.054487168819e-01
,,4.294478895779e-10,7.054423960298e-01
,,4.295079015803e-10,7.054360648812e-01
,,4.295679135827e-10,7.054297234452e-01
,,4.296279255851e-10,7.054233717307e-01
,,4.296879375875e-10,7.054170097469e-01
,,4.297479495899e-10,7.054106375027e-01
,,4.298079615923e-10,7.054042550072e-01
,,4.298679735947e-10,7.053978622693e-01
,,4.299279855971e-10,7.053914592981e-01
,,4.299879975995e-10,7.053850461026e-01
,,4.300480096019e-10,7.053786226917e-01
,,4.301080216043e-10,7.053721890743e-01
,,4.301680336067e-10,7.053657452596e-01
,,4.302280456091e-10,7.053592912564e-01
,,4.302880576115e-10,7.053528270736e-01
,,4.303480696139e-10,7.053463527202e-01
,,4.304080816163e-10,7.053398682052e-01
,,4.304680936187e-10,7.053333735375e-01
,,4.305281056211e-10,7.053268687259e-01
,,4.305881176235e-10,7.053203537794e-01
,,4.306481296259e-10,7.053138287070e-01
,,4.307081416283e-10,7.053072935174e-01
,,4.307681536307e-10,7.053007482195e-01
,,4.308281656331e-10,7.052941928224e-01
,,4.308881776355e-10,7.052876273347e-01
,,4.309481896379e-10,7.052810517654e-01
,,4.310082016403e-10,7.052744661234e-01
,,4.310682136427e-10,7.052678704174e-01
,,4.311282256451e-10,7.052612646563e-01
,,4.311882376475e-10,7.052546488489e-01
,,4.312482496499e-10,7.052480230042e-01
,,4.313082616523e-10,7.052413871307e-01
,,4.313682736547e-10,7.052347412375e-01
,,4.314282856571e-10,7.052280853332e-01
,,4.314882976595e-10,7.052214194267e-01
,,4.315483096619e-10,7.052147435268e-01
,,4.316083216643e-10,7.052080576421e-01
,,4.316683336667e-10,7.052013617816e-01
,,4.317283456691e-10,7.051946559539e-01
,,4.317883576715e-10,7.051879401677e-01
,,4.318483696739e-10,7.051812144319e-01
,,4.319083816763e-10,7.051744787552e-01
,,4.319683936787e-10,7.051677331463e-01
,,4.320284056811e-10,7.051609776138e-01
,,4.320884176835e-10,7.051542121666e-01
,,4.321484296859e-10,7.051474368134e-01
,,4.322084416883e-10,7.051406515627e-01
,,4.322684536907e-10,7.051338564234e-01
,,4.323284656931e-10,7.051270514040e-01
,,4.323884776955e-10,7.051202365133e-01
,,4.324484896979e-10,7.051134117599e-01
,,4.325085017003e-10,7.051065771525e-01
,,4.325685137027e-10,7.050997326998e-01
,,4.326285257051e-10,7.050928784103e-01
,,4.326885377075e-10,7.050860142927e-01
,,4.327485497099e-10,7.050791403556e-01
,,4.328085617123e-10,7.050722566077e-01
,,4.328685737147e-10,7.050653630575e-01
,,4.329285857171e-10,7.050584597137e-01
,,4.329885977195e-10,7.050515465849e-01
,,4.330486097219e-10,7.050446236796e-01
,,4.331086217243e-10,7.050376910064e-01
,,4.331686337267e-10,7.050307485739e-01
,,4.332286457291e-10,7.050237963907e-01
,,4.332886577315e-10,7.050168344653e-01
,,4.333486697339e-10,7.050098628062e-01
,,4.334086817363e-10,7.050028814220e-01
,,4.334686937387e-10,7.049958903213e-01
,,4.335287057411e-10,7.049888895125e-01
,,4.335887177435e-10,7.049818790043e-01
,,4.336487297459e-10,7.049748588050e-01
,,4.337087417483e-10,7.049678289232e-01
,,4.337687537508e-10,7.049607893674e-01
,,4.338287657532e-10,7.049537401460e-01
,,4.338887777556e-10,7.049466812677e-01
,,4.339487897580e-10,7.049396127407e-01
,,4.340088017604e-10,7.049325345737e-01
,,4.340688137628e-10,7.049254467750e-01
,,4.341288257652e-10,7.049183493531e-01
,,4.341888377676e-10,7.049112423164e-01
,,4.342488497700e-10,7.049041256735e-01
,,4.343088617724e-10,7.048969994326e-01
,,4.343688737748e-10,7.048898636023e-01
,,4.344288857772e-10,7.048827181909e-01
,,4.344888977796e-10,7.048755632069e-01
,,4.345489097820e-10,7.048683986586e-01
,,4.346089217844e-10,7.048612245545e-01
,,4.346689337868e-10,7.048540409028e-01
,,4.347289457892e-10,7.048468477121e-01
,,4.347889577916e-10,7.048396449906e-01
,,4.348489697940e-10,7.048324327468e-01
,,4.349089817964e-10,7.048252109889e-01
,,4.349689937988e-10,7.048179797253e-01
,,4.350290058012e-10,7.048107389644e-01
,,4.350890178036e-10,7.048034887145e-01
,,4.351490298060e-10,7.047962289839e-01
,,4.352090418084e-10,7.047889597809e-01
,,4.352690538108e-10,7.047816811139e-01
,,4.353290658132e-10,7.047743929911e-01
,,4.353890778156e-10,7.047670954208e-01
,,4.354490898180e-10,7.047597884114e-01
,,4.355091018204e-10,7.047524719711e-01
,,4.355691138228e-10,7.047451461081e-01
,,4.356291258252e-10,7.047378108307e-01
,,4.356891378276e-10,7.047304661473e-01
,,4.357491498300e-10,7.047231120660e-01
,,4.358091618324e-10,7.047157485950e-01
,,4.358691738348e-10,7.047083757427e-01
,,4.359291858372e-10,7.047009935173e-01
,,4.359891978396e-10,7.046936019269e-01
,,4.360492098420e-10,7.046862009797e-01
,,4.361092218444e-10,7.046787906841e-01
,,4.361692338468e-10,7.046713710481e-01
,,4.362292458492e-10,7.046639420801e-01
,,4.362892578516e-10,7.046565037880e-01
,,4.363492698540e-10,7.046490561803e-01
,,4.364092818564e-10,7.046415992649e-01
,,4.364692938588e-10,7.046341330501e-01
,,4.365293058612e-10,7.046266575440e-01
,,4.365893178636e-10,7.046191727548e-01
,,4.366493298660e-10,7.046116786906e-01
,,4.367093418684e-10,7.046041753595e-01
,,4.367693538708e-10,7.045966627697e-01
,,4.368293658732e-10,7.045891409293e-01
,,4.368893778756e-10,7.045816098464e-01
,,4.369493898780e-10,7.045740695291e-01
,,4.370094018804e-10,7.045665199856e-01
,,4.370694138828e-10,7.045589612238e-01
,,4.371294258852e-10,7.045513932519e-01
,,4.371894378876e-10,7.045438160779e-01
,,4.372494498900e-10,7.045362297100e-01
,,4.373094618924e-10,7.045286341561e-01
,,4.373694738948e-10,7.045210294244e-01
,,4.374294858972e-10,7.045134155229e-01
,,4.374894978996e-10,7.045057924596e-01
,,4.375495099020e-10,7.044981602426e-01
,,4.376095219044e-10,7.044905188798e-01
,,4.376695339068e-10,7.044828683794e-01
,,4.377295459092e-10,7.044752087493e-01
,,4.377895579116e-10,7.044675399975e-01
,,4.378495699140e-10,7.044598621320e-01
,,4.379095819164e-10,7.044521751608e-01
,,4.379695939188e-10,7.044444790919e-01
,,4.380296059212e-10,7.044367739333e-01
,,4.380896179236e-10,7.044290596930e-01
,,4.381496299260e-10,7.044213363788e-01
,,4.382096419284e-10,7.044136039989e-01
,,4.382696539308e-10,7.044058625610e-01
,,4.383296659332e-10,7.043981120731e-01
,,4.383896779356e-10,7.043903525433e-01
,,4.384496899380e-10,7.043825839794e-01
,,4.385097019404e-10,7.043748063893e-01
,,4.385697139428e-10,7.043670197809e-01
,,4.386297259452e-10,7.043592241622e-01
,,4.386897379476e-10,7.043514195411e-01
,,4.387497499500e-10,7.043436059254e-01
,,4.388097619524e-10,7.043357833230e-01
,,4.388697739548e-10,7.043279517419e-01
,,4.389297859572e-10,7.043201111898e-01
,,4.389897979596e-10,7.043122616747e-01
,,4.390498099620e-10,7.043044032044e-01
,,4.391098219644e-10,7.042965357867e-01
,,4.391698339668e-10,7.042886594295e-01
,,4.392298459692e-10,7.042807741407e-01
,,4.392898579716e-10,7.042728799281e-01
,,4.393498699740e-10,7.042649767994e-01
,,4.394098819764e-10,7.042570647626e-01
,,4.394698939788e-10,7.042491438253e-01
,,4.395299059812e-10,7.042412139955e-01
,,4.395899179836e-10,7.042332752809e-01
,,4.396499299860e-10,7.042253276893e-01
,,4.397099419884e-10,7.042173712285e-01
,,4.397699539908e-10,7.042094059063e-01
,,4.398299659932e-10,7.042014317304e-01
,,4.398899779956e-10,7.041934487086e-01
,,4.399499899980e-10,7.041854568486e-01
,,4.400100020004e-10,7.041774561582e-01
,,4.400700140028e-10,7.041694466452e-01
,,4.401300260052e-10,7.041614283173e-01
,,4.401900380076e-10,7.041534011821e-01
,,4.402500500100e-10,7.041453652475e-01
,,4.403100620124e-10,7.041373205211e-01
,,4.403700740148e-10,7.041292670106e-01
,,4.404300860172e-10,7.041212047238e-01
,,4.404900980196e-10,7.041131336684e-01
,,4.405501100220e-10,7.041050538519e-01
,,4.406101220244e-10,7.040969652822e-01
,,4.406701340268e-10,7.040888679668e-01
,,4.407301460292e-10,7.040807619135e-01
,,4.407901580316e-10,7.040726471299e-01
,,4.408501700340e-10,7.040645236236e-01
,,4.409101820364e-10,7.040563914024e-01
,,4.409701940388e-10,7.040482504738e-01
,,4.410302060412e-10,7.040401008455e-01
,,4.410902180436e-10,7.040319425251e-01
,,4.411502300460e-10,7.040237755202e-01
,,4.412102420484e-10,7.040155998384e-01
,,4.412702540508e-10,7.040074154874e-01
,,4.413302660532e-10,7.039992224748e-01
,,4.413902780556e-10,7.039910208081e-01
,,4.414502900580e-10,7.039828104949e-01
,,4.415103020604e-10,7.039745915428e-01
,,4.415703140628e-10,7.039663639594e-01
,,4.416303260652e-10,7.039581277522e-01
,,4.416903380676e-10,7.039498829289e-01
,,4.417503500700e-10,7.039416294969e-01
,,4.418103620724e-10,7.039333674638e-01
,,4.418703740748e-10,7.039250968371e-01
,,4.419303860772e-10,7.039168176245e-01
,,4.419903980796e-10,7.039085298333e-01
,,4.420504100820e-10,7.039002334712e-01
,,4.421104220844e-10,7.038919285456e-01
,,4.421704340868e-10,7.038836150640e-01
,,4.422304460892e-10,7.038752930340e-01
,,4.422904580916e-10,7.038669624631e-01
,,4.423504700940e-10,7.038586233587e-01
,,4.424104820964e-10,7.038502757283e-01
,,4.424704940988e-10,7.038419195793e-01
,,4.425305061012e-10,7.038335549194e-01
,,4.425905181036e-10,7.038251817558e-01
,,4.426505301060e-10,7.038168000961e-01
,,4.427105421084e-10,7.038084099478e-01
,,4.427705541108e-10,7.038000113182e-01
,,4.428305661132e-10,7.037916042147e-01
,,4.428905781156e-10,7.037831886450e-01
,,4.429505901180e-10,7.037747646162e-01
,,4.430106021204e-10,7.037663321360e-01
,,4.430706141228e-10,7.037578912116e-01
,,4.431306261252e-10,7.037494418505e-01
,,4.431906381276e-10,7.037409840600e-01
,,4.432506501300e-10,7.037325178476e-01
,,4.433106621324e-10,7.037240432207e-01
,,4.433706741348e-10,7.037155601866e-01
,,4.434306861372e-10,7.037070687527e-01
,,4.434906981396e-10,7.036985689263e-01
,,4.435507101420e-10,7.036900607149e-01
,,4.436107221444e-10,7.036815441257e-01
,,4.436707341468e-10,7.036730191661e-01
,,4.437307461492e-10,7.036644858435e-01
,,4.437907581516e-10,7.036559441652e-01
,,4.438507701540e-10,7.036473941385e-01
,,4.439107821564e-10,7.036388357707e-01
,,4.439707941588e-10,7.036302690692e-01
,,4.440308061612e-10,7.036216940412e-01
,,4.440908181636e-10,7.036131106941e-01
,,4.441508301660e-10,7.036045190351e-01
,,4.442108421684e-10,7.035959190715e-01
,,4.442708541708e-10,7.035873108107e-01
,,4.443308661732e-10,7.035786942598e-01
,,4.443908781756e-10,7.035700694263e-01
,,4.444508901780e-10,7.035614363172e-01
,,4.445109021804e-10,7.035527949399e-01
,,4.445709141828e-10,7.035441453016e-01
,,4.446309261852e-10,7.035354874096e-01
,,4.446909381876e-10,7.035268212711e-01
,,4.447509501900e-10,7.035181468934e-01
,,4.448109621924e-10,7.035094642836e-01
,,4.448709741948e-10,7.035007734490e-01
,,4.449309861972e-10,7.034920743967e-01
,,4.449909981996e-10,7.034833671341e-01
,,4.450510102020e-10,7.034746516683e-01
,,4.451110222044e-10,7.034659280064e-01
,,4.451710342068e-10,7.034571961558e-01
,,4.452310462092e-10,7.034484561235e-01
,,4.452910582116e-10,7.034397079167e-01
,,4.453510702140e-10,7.034309515427e-01
,,4.454110822164e-10,7.034221870085e-01
,,4.454710942188e-10,7.034134143213e-01
,,4.455311062212e-10,7.034046334883e-01
,,4.455911182236e-10,7.033958445166e-01
,,4.456511302260e-10,7.033870474133e-01
,,4.457111422284e-10,7.033782421857e-01
,,4.457711542308e-10,7.033694288407e-01
,,4.458311662332e-10,7.033606073856e-01
,,4.458911782356e-10,7.033517778273e-01
,,4.459511902380e-10,7.033429401732e-01
,,4.460112022404e-10,7.033340944302e-01
,,4.460712142428e-10,7.033252406054e-01
,,4.461312262452e-10,7.033163787059e-01
,,4.461912382476e-10,7.033075087389e-01
,,4.462512502501e-10,7.032986307113e-01
,,4.463112622525e-10,7.032897446303e-01
,,4.463712742549e-10,7.032808505029e-01
,,4.464312862573e-10,7.032719483362e-01
,,4.464912982597e-10,7.032630381372e-01
,,4.465513102621e-10,7.032541199129e-01
,,4.466113222645e-10,7.032451936705e-01
,,4.466713342669e-10,7.032362594169e-01
,,4.467313462693e-10,7.032273171592e-01
,,4.467913582717e-10,7.032183669043e-01
,,4.468513702741e-10,7.032094086594e-01
,,4.469113822765e-10,7.032004424313e-01
,,4.469713942789e-10,7.031914682272e-01
,,4.470314062813e-10,7.031824860540e-01
,,4.470914182837e-10,7.031734959187e-01
,,4.471514302861e-10,7.031644978283e-01
,,4.472114422885e-10,7.031554917897e-01
,,4.472714542909e-10,7.031464778100e-01
,,4.473314662933e-10,7.031374558960e-01
,,4.473914782957e-10,7.031284260548e-01
,,4.474514902981e-10,7.031193882934e-01
,,4.475115023005e-10,7.031103426186e-01
,,4.475715143029e-10,7.031012890373e-01
,,4.476315263053e-10,7.030922275567e-01
,,4.476915383077e-10,7.030831581835e-01
,,4.477515503101e-10,7.030740809247e-01
,,4.478115623125e-10,7.030649957872e-01
,,4.478715743149e-10,7.030559027779e-01
,,4.479315863173e-10,7.030468019038e-01
,,4.479915983197e-10,7.030376931717e-01
,,4.480516103221e-10,7.030285765885e-01
,,4.481116223245e-10,7.030194521611e-01
,,4.481716343269e-10,7.030103198964e-01
,,4.482316463293e-10,7.030011798013e-01
,,4.482916583317e-10,7.029920318826e-01
,,4.483516703341e-10,7.029828761472e-01
,,4.484116823365e-10,7.029737126020e-01
,,4.484716943389e-10,7.029645412538e-01
,,4.485317063413e-10,7.029553621095e-01
,,4.485917183437e-10,7.029461751759e-01
,,4.486517303461e-10,7.029369804598e-01
,,4.487117423485e-10,7.029277779681e-01
,,4.487717543509e-10,7.029185677076e-01
,,4.488317663533e-10,7.029093496850e-01
,,4.488917783557e-10,7.029001239073e-01
,,4.489517903581e-10,7.028908903813e-01
,,4.490118023605e-10,7.028816491136e-01
,,4.490718143629e-10,7.028724001112e-01
,,4.491318263653e-10,7.028631433808e-01
,,4.491918383677e-10,7.028538789291e-01
,,4.492518503701e-10,7.028446067631e-01
,,4.493118623725e-10,7.028353268893e-01
,,4.493718743749e-10,7.028260393147e-01
,,4.494318863773e-10,7.028167440459e-01
,,4.494918983797e-10,7.028074410897e-01
,,4.495519103821e-10,7.027981304529e-01
,,4.496119223845e-10,7.027888121422e-01
,,4.496719343869e-10,7.027794861643e-01
,,4.497319463893e-10,7.027701525260e-01
,,4.497919583917e-10,7.027608112340e-01
,,4.498519703941e-10,7.027514622950e-01
,,4.499119823965e-10,7.027421057157e-01
,,4.499719943989e-10,7.027327415028e-01
,,4.500320064013e-10,7.027233696631e-01
,,4.500920184037e-10,7.027139902031e-01
,,4.501520304061e-10,7.027046031297e-01
,,4.502120424085e-10,7.026952084495e-01
,,4.502720544109e-10,7.026858061692e-01
,,4.503320664133e-10,7.026763962954e-01
,,4.503920784157e-10,7.026669788348e-01
,,4.504520904181e-10,7.026575537940e-01
,,4.505121024205e-10,7.026481211799e-01
,,4.505721144229e-10,7.026386809988e-01
,,4.506321264253e-10,7.026292332576e-01
,,4.506921384277e-10,7.026197779629e-01
,,4.507521504301e-10,7.026103151212e-01
,,4.508121624325e-10,7.026008447393e-01
,,4.508721744349e-10,7.025913668237e-01
,,4.509321864373e-10,7.025818813810e-01
,,4.509921984397e-10,7.025723884179e-01
,,4.510522104421e-10,7.025628879410e-01
,,4.511122224445e-10,7.025533799568e-01
,,4.511722344469e-10,7.025438644720e-01
,,4.512322464493e-10,7.025343414931e-01
,,4.512922584517e-10,7.025248110268e-01
,,4.513522704541e-10,7.025152730795e-01
,,4.514122824565e-10,7.025057276579e-01
,,4.514722944589e-10,7.024961747686e-01
,,4.515323064613e-10,7.024866144180e-01
,,4.515923184637e-10,7.024770466128e-01
,,4.516523304661e-10,7.024674713594e-01
,,4.517123424685e-10,7.024578886645e-01
,,4.517723544709e-10,7.024482985346e-01
,,4.518323664733e-10,7.024387009761e-01
,,4.518923784757e-10,7.024290959957e-01
,,4.519523904781e-10,7.024194835998e-01
,,4.520124024805e-10,7.024098637950e-01
,,4.520724144829e-10,7.024002365877e-01
,,4.521324264853e-10,7.023906019845e-01
,,4.521924384877e-10,7.023809599919e-01
,,4.522524504901e-10,7.023713106163e-01
,,4.523124624925e-10,7.023616538642e-01
,,4.523724744949e-10,7.023519897422e-01
,,4.524324864973e-10,7.023423182567e-01
,,4.524924984997e-10,7.023326394141e-01
,,4.525525105021e-10,7.023229532209e-01
,,4.526125225045e-10,7.023132596837e-01
,,4.526725345069e-10,7.023035588088e-01
,,4.527325465093e-10,7.022938506026e-01
,,4.527925585117e-10,7.022841350717e-01
,,4.528525705141e-10,7.022744122225e-01
,,4.529125825165e-10,7.022646820613e-01
,,4.529725945189e-10,7.022549445947e-01
,,4.530326065213e-10,7.022451998290e-01
,,4.530926185237e-10,7.022354477706e-01
,,4.531526305261e-10,7.022256884260e-01
,,4.532126425285e-10,7.022159218016e-01
,,4.532726545309e-10,7.022061479037e-01
,,4.533326665333e-10,7.021963667388e-01
,,4.533926785357e-10,7.021865783133e-01
,,4.534526905381e-10,7.021767826334e-01
,,4.535127025405e-10,7.021669797057e-01
,,4.535727145429e-10,7.021571695364e-01
,,4.536327265453e-10,7.021473521319e-01
,,4.536927385477e-10,7.021375274987e-01
,,4.537527505501e-10,7.021276956429e-01
,,4.538127625525e-10,7.021178565711e-01
,,4.538727745549e-10,7.021080102895e-01
,,4.539327865573e-10,7.020981568045e-01
,,4.539927985597e-10,7.020882961224e-01
,,4.540528105621e-10,7.020784282496e-01
,,4.541128225645e-10,7.020685531923e-01
,,4.541728345669e-10,7.020586709568e-01
,,4.542328465693e-10,7.020487815496e-01
,,4.542928585717e-10,7.020388849768e-01
,,4.543528705741e-10,7.020289812448e-01
,,4.544128825765e-10,7.020190703599e-01
,,4.544728945789e-10,7.020091523284e-01
,,4.545329065813e-10,7.019992271566e-01
,,4.545929185837e-10,7.019892948506e-01
,,4.546529305861e-10,7.019793554169e-01
,,4.547129425885e-10,7.019694088617e-01
,,4.547729545909e-10,7.019594551912e-01
,,4.548329665933e-10,7.019494944117e-01
,,4.548929785957e-10,7.019395265295e-01
,,4.549529905981e-10,7.019295515507e-01
,,4.550130026005e-10,7.019195694817e-01
,,4.550730146029e-10,7.019095803286e-01
,,4.551330266053e-10,7.018995840978e-01
,,4.551930386077e-10,7.018895807954e-01
,,4.552530506101e-10,7.018795704276e-01
,,4.553130626125e-10,7.018695530007e-01
,,4.553730746149e-10,7.018595285209e-01
,,4.554330866173e-10,7.018494969944e-01
,,4.554930986197e-10,7.018394584273e-01
,,4.555531106221e-10,7.018294128259e-01
,,4.556131226245e-10,7.018193601964e-01
,,4.556731346269e-10,7.018093005449e-01
,,4.557331466293e-10,7.017992338776e-01
,,4.557931586317e-10,7.017891602007e-01
,,4.558531706341e-10,7.017790795204e-01
,,4.559131826365e-10,7.017689918428e-01
,,4.559731946389e-10,7.017588971741e-01
,,4.560332066413e-10,7.017487955204e-01
,,4.560932186437e-10,7.017386868879e-01
,,4.561532306461e-10,7.017285712827e-01
,,4.562132426485e-10,7.017184487109e-01
,,4.562732546509e-10,7.017083191788e-01
,,4.563332666533e-10,7.016981826924e-01
,,4.563932786557e-10,7.016880392578e-01
,,4.564532906581e-10,7.016778888811e-01
,,4.565133026605e-10,7.016677315685e-01
,,4.565733146629e-10,7.016575673261e-01
,,4.566333266653e-10,7.016473961599e-01
,,4.566933386677e-10,7.016372180761e-01
,,4.567533506701e-10,7.016270330807e-01
,,4.568133626725e-10,7.016168411798e-01
,,4.568733746749e-10,7.016066423796e-01
,,4.569333866773e-10,7.015964366860e-01
,,4.569933986797e-10,7.015862241052e-01
,,4.570534106821e-10,7.015760046433e-01
,,4.571134226845e-10,7.015657783062e-01
,,4.571734346869e-10,7.015555451000e-01
,,4.572334466893e-10,7.015453050308e-01
,,4.572934586917e-10,7.015350581046e-01
,,4.573534706941e-10,7.015248043274e-01
,,4.574134826965e-10,7.015145437054e-01
,,4.574734946989e-10,7.015042762445e-01
,,4.575335067013e-10,7.014940019507e-01
,,4.575935187037e-10,7.014837208300e-01
,,4.576535307061e-10,7.014734328886e-01
,,4.577135427085e-10,7.014631381323e-01
,,4.577735547109e-10,7.014528365672e-01
,,4.578335667133e-10,7.014425281993e-01
,,4.578935787157e-10,7.014322130345e-01
,,4.579535907181e-10,7.014218910789e-01
,,4.580136027205e-10,7.014115623384e-01
,,4.580736147229e-10,7.014012268191e-01
,,4.581336267253e-10,7.013908845268e-01
,,4.581936387277e-10,7.013805354676e-01
,,4.582536507301e-10,7.013701796474e-01
,,4.583136627325e-10,7.013598170721e-01
,,4.583736747349e-10,7.013494477478e-01
,,4.584336867373e-10,7.013390716804e-01
,,4.584936987397e-10,7.013286888758e-01
,,4.585537107421e-10,7.013182993399e-01
,,4.586137227445e-10,7.013079030787e-01
,,4.586737347469e-10,7.012975000981e-01
,,4.587337467493e-10,7.012870904040e-01
,,4.587937587518e-10,7.012766740024e-01
,,4.588537707542e-10,7.012662508991e-01
,,4.589137827566e-10,7.012558211001e-01
,,4.589737947590e-10,7.012453846113e-01
,,4.590338067614e-10,7.012349414385e-01
,,4.590938187638e-10,7.012244915876e-01
,,4.591538307662e-10,7.012140350646e-01
,,4.592138427686e-10,7.012035718754e-01
,,4.592738547710e-10,7.011931020257e-01
,,4.593338667734e-10,7.011826255215e-01
,,4.593938787758e-10,7.011721423686e-01
,,4.594538907782e-10,7.011616525729e-01
,,4.595139027806e-10,7.011511561403e-01
,,4.595739147830e-10,7.011406530766e-01
,,4.596339267854e-10,7.011301433876e-01
,,4.596939387878e-10,7.011196270792e-01
,,4.597539507902e-10,7.011091041573e-01
,,4.598139627926e-10,7.010985746276e-01
,,4.598739747950e-10,7.010880384960e-01
,,4.599339867974e-10,7.010774957684e-01
,,4.599939987998e-10,7.010669464504e-01
,,4.600540108022e-10,7.010563905480e-01
,,4.601140228046e-10,7.010458280670e-01
,,4.601740348070e-10,7.010352590131e-01
,,4.602340468094e-10,7.010246833922e-01
,,4.602940588118e-10,7.010141012100e-01
,,4.603540708142e-10,7.010035124723e-01
,,4.604140828166e-10,7.009929171850e-01
,,4.604740948190e-10,7.009823153537e-01
,,4.605341068214e-10,7.009717069844e-01
,,4.605941188238e-10,7.009610920826e-01
,,4.606541308262e-10,7.009504706543e-01
,,4.607141428286e-10,7.009398427051e-01
,,4.607741548310e-10,7.009292082409e-01
,,4.608341668334e-10,7.009185672673e-01
,,4.608941788358e-10,7.009079197901e-01
,,4.609541908382e-10,7.008972658150e-01
,,4.610142028406e-10,7.008866053479e-01
,,4.610742148430e-10,7.008759383943e-01
,,4.611342268454e-10,7.008652649601e-01
,,4.611942388478e-10,7.008545850510e-01
,,4.612542508502e-10,7.008438986726e-01
,,4.613142628526e-10,7.008332058307e-01
,,4.613742748550e-10,7.008225065310e-01
,,4.614342868574e-10,7.008118007792e-01
,,4.614942988598e-10,7.008010885810e-01
,,4.615543108622e-10,7.007903699420e-01
,,4.616143228646e-10,7.007796448681e-01
,,4.616743348670e-10,7.007689133647e-01
,,4.617343468694e-10,7.007581754377e-01
,,4.617943588718e-10,7.007474310927e-01
,,4.618543708742e-10,7.007366803354e-01
,,4.619143828766e-10,7.007259231714e-01
,,4.619743948790e-10,7.007151596063e-01
,,4.620344068814e-10,7.007043896460e-01
,,4.620944188838e-10,7.006936132959e-01
,,4.621544308862e-10,7.006828305617e-01
,,4.622144428886e-10,7.006720414491e-01
,,4.622744548910e-10,7.006612459637e-01
,,4.623344668934e-10,7.006504441112e-01
,,4.623944788958e-10,7.006396358971e-01
,,4.624544908982e-10,7.006288213271e-01
,,4.625145029006e-10,7.006180004068e-01
,,4.625745149030e-10,7.006071731418e-01
,,4.626345269054e-10,7.005963395377e-01
,,4.626945389078e-10,7.005854996001e-01
,,4.627545509102e-10,7.005746533346e-01
,,4.628145629126e-10,7.005638007469e-01
,,4.628745749150e-10,7.005529418424e-01
,,4.629345869174e-10,7.005420766268e-01
,,4.629945989198e-10,7.005312051057e-01
,,4.630546109222e-10,7.005203272846e-01
,,4.631146229246e-10,7.005094431691e-01
,,4.631746349270e-10,7.004985527647e-01
,,4.632346469294e-10,7.004876560771e-01
,,4.632946589318e-10,7.004767531117e-01
,,4.633546709342e-10,7.004658438741e-01
,,4.634146829366e-10,7.004549283700e-01
,,4.634746949390e-10,7.004440066047e-01
,,4.635347069414e-10,7.004330785839e-01
,,4.635947189438e-10,7.004221443130e-01
,,4.636547309462e-10,7.004112037977e-01
,,4.637147429486e-10,7.004002570434e-01
,,4.637747549510e-10,7.003893040556e-01
,,4.638347669534e-10,7.003783448399e-01
,,4.638947789558e-10,7.003673794017e-01
,,4.639547909582e-10,7.003564077466e-01
,,4.640148029606e-10,7.003454298801e-01
,,4.640748149630e-10,7.003344458077e-01
,,4.641348269654e-10,7.003234555348e-01
,,4.641948389678e-10,7.003124590669e-01
,,4.642548509702e-10,7.003014564096e-01
,,4.643148629726e-10,7.002904475682e-01
,,4.643748749750e-10,7.002794325483e-01
,,4.644348869774e-10,7.002684113554e-01
,,4.644948989798e-10,7.002573839948e-01
,,4.645549109822e-10,7.002463504721e-01
,,4.646149229846e-10,7.002353107927e-01
,,4.646749349870e-10,7.002242649621e-01
,,4.647349469894e-10,7.002132129857e-01
,,4.647949589918e-10,7.002021548689e-01
,,4.648549709942e-10,7.001910906172e-01
,,4.649149829966e-10,7.001800202359e-01
,,4.649749949990e-10,7.001689437307e-01
,,4.650350070014e-10,7.001578611067e-01
,,4.650950190038e-10,7.001467723696e-01
,,4.651550310062e-10,7.001356775246e-01
,,4.652150430086e-10,7.001245765772e-01
,,4.652750550110e-10,7.001134695328e-01
,,4.653350670134e-10,7.001023563969e-01
,,4.653950790158e-10,7.000912371747e-01
,,4.654550910182e-10,7.000801118716e-01
,,4.655151030206e-10,7.000689804932e-01
,,4.655751150230e-10,7.000578430447e-01
,,4.656351270254e-10,7.000466995315e-01
,,4.656951390278e-10,7.000355499590e-01
,,4.657551510302e-10,7.000243943325e-01
,,4.658151630326e-10,7.000132326575e-01
,,4.658751750350e-10,7.000020649393e-01
,,4.659351870374e-10,6.999908911832e-01
,,4.659951990398e-10,6.999797113946e-01
,,4.660552110422e-10,6.999685255788e-01
,,4.661152230446e-10,6.999573337412e-01
,,4.661752350470e-10,6.999461358872e-01
,,4.662352470494e-10,6.999349320219e-01
,,4.662952590518e-10,6.999237221508e-01
,,4.663552710542e-10,6.999125062793e-01
,,4.664152830566e-10,6.999012844125e-01
,,4.664752950590e-10,6.998900565558e-01
,,4.665353070614e-10,6.998788227146e-01
,,4.665953190638e-10,6.998675828942e-01
,,4.666553310662e-10,6.998563370997e-01
,,4.667153430686e-10,6.998450853366e-01
,,4.667753550710e-10,6.998338276102e-01
,,4.668353670734e-10,6.998225639256e-01
,,4.668953790758e-10,6.998112942883e-01
,,4.669553910782e-10,6.998000187034e-01
,,4.670154030806e-10,6.997887371763e-01
,,4.670754150830e-10,6.997774497122e-01
,,4.671354270854e-10,6.997661563164e-01
,,4.671954390878e-10,6.997548569942e-01
,,4.672554510902e-10,6.997435517507e-01
,,4.673154630926e-10,6.997322405914e-01
,,4.673754750950e-10,6.997209235213e-01
,,4.674354870974e-10,6.997096005458e-01
,,4.674954990998e-10,6.996982716701e-01
,,4.675555111022e-10,6.996869368994e-01
,,4.676155231046e-10,6.996755962389e-01
,,4.676755351070e-10,6.996642496940e-01
,,4.677355471094e-10,6.996528972698e-01
,,4.677955591118e-10,6.996415389714e-01
,,4.678555711142e-10,6.996301748043e-01
,,4.679155831166e-10,6.996188047734e-01
,,4.679755951190e-10,6.996074288842e-01
,,4.680356071214e-10,6.995960471416e-01
,,4.680956191238e-10,6.995846595511e-01
,,4.681556311262e-10,6.995732661176e-01
,,4.682156431286e-10,6.995618668465e-01
,,4.682756551310e-10,6.995504617430e-01
,,4.683356671334e-10,6.995390508121e-01
,,4.683956791358e-10,6.995276340590e-01
,,4.684556911382e-10,6.995162114890e-01
,,4.685157031406e-10,6.995047831072e-01
,,4.685757151430e-10,6.994933489188e-01
,,4.686357271454e-10,6.994819089289e-01
,,4.686957391478e-10,6.994704631427e-01
,,4.687557511502e-10,6.994590115653e-01
,,4.688157631526e-10,6.994475542019e-01
,,4.688757751550e-10,6.994360910575e-01
,,4.689357871574e-10,6.994246221374e-01
,,4.689957991598e-10,6.994131474467e-01
,,4.690558111622e-10,6.994016669905e-01
,,4.691158231646e-10,6.993901807740e-01
,,4.691758351670e-10,6.993786888022e-01
,,4.692358471694e-10,6.993671910802e-01
,,4.692958591718e-10,6.993556876132e-01
,,4.693558711742e-10,6.993441784063e-01
,,4.694158831766e-10,6.993326634646e-01
,,4.694758951790e-10,6.993211427932e-01
,,4.695359071814e-10,6.993096163971e-01
,,4.695959191838e-10,6.992980842815e-01
,,4.696559311862e-10,6.992865464514e-01
,,4.697159431886e-10,6.992750029120e-01
,,4.697759551910e-10,6.992634536683e-01
,,4.698359671934e-10,6.992518987254e-01
,,4.698959791958e-10,6.992403380883e-01
,,4.699559911982e-10,6.992287717621e-01
,,4.700160032006e-10,6.992171997519e-01
,,4.700760152030e-10,6.992056220628e-01
,,4.701360272054e-10,6.991940386997e-01
,,4.701960392078e-10,6.991824496677e-01
,,4.702560512102e-10,6.991708549719e-01
,,4.703160632126e-10,6.991592546174e-01
,,4.703760752150e-10,6.991476486091e-01
,,4.704360872174e-10,6.991360369520e-01
,,4.704960992198e-10,6.991244196513e-01
,,4.705561112222e-10,6.991127967119e-01
,,4.706161232246e-10,6.991011681388e-01
,,4.706761352270e-10,6.990895339371e-01
,,4.707361472294e-10,6.990778941118e-01
,,4.707961592318e-10,6.990662486678e-01
,,4.708561712342e-10,6.990545976102e-01
,,4.709161832366e-10,6.990429409440e-01
,,4.709761952390e-10,6.990312786742e-01
,,4.710362072414e-10,6.990196108057e-01
,,4.710962192438e-10,6.990079373436e-01
,,4.711562312462e-10,6.989962582928e-01
,,4.712162432486e-10,6.989845736583e-01
,,4.712762552511e-10,6.989728834451e-01
,,4.713362672535e-10,6.989611876581e-01
,,4.713962792559e-10,6.989494863024e-01
,,4.714562912583e-10,6.989377793828e-01
,,4.715163032607e-10,6.989260669043e-01
,,4.715763152631e-10,6.989143488719e-01
,,4.716363272655e-10,6.989026252906e-01
,,4.716963392679e-10,6.988908961652e-01
,,4.717563512703e-10,6.988791615008e-01
,,4.718163632727e-10,6.988674213022e-01
,,4.718763752751e-10,6.988556755744e-01
,,4.719363872775e-10,6.988439243223e-01
,,4.719963992799e-10,6.988321675508e-01
,,4.720564112823e-10,6.988204052649e-01
,,4.721164232847e-10,6.988086374694e-01
,,4.721764352871e-10,6.987968641694e-01
,,4.722364472895e-10,6.987850853696e-01
,,4.722964592919e-10,6.987733010751e-01
,,4.723564712943e-10,6.987615112906e-01
,,4.724164832967e-10,6.987497160211e-01
,,4.724764952991e-10,6.987379152715e-01
,,4.725365073015e-10,6.987261090467e-01
,,4.725965193039e-10,6.987142973515e-01
,,4.726565313063e-10,6.987024801909e-01
,,4.727165433087e-10,6.986906575697e-01
,,4.727765553111e-10,6.986788294927e-01
,,4.728365673135e-10,6.986669959650e-01
,,4.728965793159e-10,6.986551569912e-01
,,4.729565913183e-10,6.986433125763e-01
,,4.730166033207e-10,6.986314627251e-01
,,4.730766153231e-10,6.986196074425e-01
,,4.731366273255e-10,6.986077467334e-01
,,4.731966393279e-10,6.985958806025e-01
,,4.732566513303e-10,6.985840090547e-01
,,4.733166633327e-10,6.985721320949e-01
,,4.733766753351e-10,6.985602497278e-01
,,4.734366873375e-10,6.985483619584e-01
,,4.734966993399e-10,6.985364687914e-01
,,4.735567113423e-10,6.985245702316e-01
,,4.736167233447e-10,6.985126662840e-01
,,4.736767353471e-10,6.985007569532e-01
,,4.737367473495e-10,6.984888422440e-01
,,4.737967593519e-10,6.984769221614e-01
,,4.738567713543e-10,6.984649967101e-01
,,4.739167833567e-10,6.984530658948e-01
,,4.739767953591e-10,6.984411297205e-01
,,4.740368073615e-10,6.984291881918e-01
,,4.740968193639e-10,6.984172413135e-01
,,4.741568313663e-10,6.984052890905e-01
,,4.742168433687e-10,6.983933315275e-01
,,4.742768553711e-10,6.983813686293e-01
,,4.743368673735e-10,6.983694004006e-01
,,4.743968793759e-10,6.983574268462e-01
,,4.744568913783e-10,6.983454479710e-01
,,4.745169033807e-10,6.983334637795e-01
,,4.745769153831e-10,6.983214742767e-01
,,4.746369273855e-10,6.983094794671e-01
,,4.746969393879e-10,6.982974793557e-01
,,4.747569513903e-10,6.982854739471e-01
,,4.748169633927e-10,6.982734632460e-01
,,4.748769753951e-10,6.982614472573e-01
,,4.749369873975e-10,6.982494259855e-01
,,4.749969993999e-10,6.982373994355e-01
,,4.750570114023e-10,6.982253676120e-01
,,4.751170234047e-10,6.982133305197e-01
,,4.751770354071e-10,6.982012881632e-01
,,4.752370474095e-10,6.981892405474e-01
,,4.752970594119e-10,6.981771876769e-01
,,4.753570714143e-10,6.981651295565e-01
,,4.754170834167e-10,6.981530661907e-01
,,4.754770954191e-10,6.981409975844e-01
,,4.755371074215e-10,6.981289237422e-01
,,4.755971194239e-10,6.981168446687e-01
,,4.756571314263e-10,6.981047603688e-01
,,4.757171434287e-10,6.980926708470e-01
,,4.757771554311e-10,6.980805761080e-01
,,4.758371674335e-10,6.980684761566e-01
,,4.758971794359e-10,6.980563709973e-01
,,4.759571914383e-10,6.980442606348e-01
,,4.760172034407e-10,6.980321450739e-01
,,4.760772154431e-10,6.980200243191e-01
,,4.761372274455e-10,6.980078983751e-01
,,4.761972394479e-10,6.979957672466e-01
,,4.762572514503e-10,6.979836309382e-01
,,4.763172634527e-10,6.979714894545e-01
,,4.763772754551e-10,6.979593428002e-01
,,4.764372874575e-10,6.979471909799e-01
,,4.764972994599e-10,6.979350339983e-01
,,4.765573114623e-10,6.979228718599e-01
,,4.766173234647e-10,6.979107045695e-01
,,4.766773354671e-10,6.978985321315e-01
,,4.767373474695e-10,6.978863545507e-01
,,4.767973594719e-10,6.978741718316e-01
,,4.768573714743e-10,6.978619839788e-01
,,4.769173834767e-10,6.978497909971e-01
,,4.769773954791e-10,6.978375928908e-01
,,4.770374074815e-10,6.978253896647e-01
,,4.770974194839e-10,6.978131813234e-01
,,4.771574314863e-10,6.978009678713e-01
,,4.772174434887e-10,6.977887493132e-01
,,4.772774554911e-10,6.977765256536e-01
,,4.773374674935e-10,6.977642968970e-01
,,4.773974794959e-10,6.977520630481e-01
,,4.774574914983e-10,6.977398241114e-01
,,4.775175035007e-10,6.977275800915e-01
,,4.775775155031e-10,6.977153309929e-01
,,4.776375275055e-10,6.977030768203e-01
,,4.776975395079e-10,6.976908175780e-01
,,4.777575515103e-10,6.976785532708e-01
,,4.778175635127e-10,6.976662839032e-01
,,4.778775755151e-10,6.976540094796e-01
,,4.779375875175e-10,6.976417300047e-01
,,4.779975995199e-10,6.976294454830e-01
,,4.780576115223e-10,6.976171559189e-01
,,4.781176235247e-10,6.976048613172e-01
,,4.781776355271e-10,6.975925616821e-01
,,4.782376475295e-10,6.975802570184e-01
,,4.782976595319e-10,6.975679473304e-01
,,4.783576715343e-10,6.975556326228e-01
,,4.784176835367e-10,6.975433129000e-01
,,4.784776955391e-10,6.975309881666e-01
,,4.785377075415e-10,6.975186584269e-01
,,4.785977195439e-10,6.975063236857e-01
,,4.786577315463e-10,6.974939839472e-01
,,4.787177435487e-10,6.974816392161e-01
,,4.787777555511e-10,6.974692894968e-01
,,4.788377675535e-10,6.974569347938e-01
,,4.788977795559e-10,6.974445751115e-01
,,4.789577915583e-10,6.974322104546e-01
,,4.790178035607e-10,6.974198408273e-01
,,4.790778155631e-10,6.974074662343e-01
,,4.791378275655e-10,6.973950866799e-01
,,4.791978395679e-10,6.973827021687e-01
,,4.792578515703e-10,6.973703127050e-01
,,4.793178635727e-10,6.973579182935e-01
,,4.793778755751e-10,6.973455189384e-01
,,4.794378875775e-10,6.973331146442e-01
,,4.794978995799e-10,6.973207054155e-01
,,4.795579115823e-10,6.973082912566e-01
,,4.796179235847e-10,6.972958721719e-01
,,4.796779355871e-10,6.972834481660e-01
,,4.797379475895e-10,6.972710192432e-01
,,4.797979595919e-10,6.972585854080e-01
,,4.798579715943e-10,6.972461466647e-01
,,4.799179835967e-10,6.972337030179e-01
,,4.799779955991e-10,6.972212544719e-01
,,4.800380076015e-10,6.972088010311e-01
,,4.800980196039e-10,6.971963427000e-01
,,4.801580316063e-10,6.971838794829e-01
,,4.802180436087e-10,6.971714113843e-01
,,4.802780556111e-10,6.971589384086e-01
,,4.803380676135e-10,6.971464605600e-01
,,4.803980796159e-10,6.971339778432e-01
,,4.804580916183e-10,6.971214902623e-01
,,4.805181036207e-10,6.971089978219e-01
,,4.805781156231e-10,6.970965005262e-01
,,4.806381276255e-10,6.970839983797e-01
,,4.806981396279e-10,6.970714913868e-01
,,4.807581516303e-10,6.970589795517e-01
,,4.808181636327e-10,6.970464628789e-01
,,4.808781756351e-10,6.970339413728e-01
,,4.809381876375e-10,6.970214150377e-01
,,4.809981996399e-10,6.970088838779e-01
,,4.810582116423e-10,6.969963478978e-01
,,4.811182236447e-10,6.969838071018e-01
,,4.811782356471e-10,6.969712614942e-01
,,4.812382476495e-10,6.969587110793e-01
,,4.812982596519e-10,6.969461558615e-01
,,4.813582716543e-10,6.969335958451e-01
,,4.814182836567e-10,6.969210310345e-01
,,4.814782956591e-10,6.969084614339e-01
,,4.815383076615e-10,6.968958870477e-01
,,4.815983196639e-10,6.968833078802e-01
,,4.816583316663e-10,6.968707239358e-01
,,4.817183436687e-10,6.968581352187e-01
,,4.817783556711e-10,6.968455417333e-01
,,4.818383676735e-10,6.968329434838e-01
,,4.818983796759e-10,6.968203404746e-01
,,4.819583916783e-10,6.968077327100e-01
,,4.820184036807e-10,6.967951201942e-01
,,4.820784156831e-10,6.967825029316e-01
,,4.821384276855e-10,6.967698809264e-01
,,4.821984396879e-10,6.967572541829e-01
,,4.822584516903e-10,6.967446227055e-01
,,4.823184636927e-10,6.967319864983e-01
,,4.823784756951e-10,6.967193455657e-01
,,4.824384876975e-10,6.967066999119e-01
,,4.824984996999e-10,6.966940495413e-01
,,4.825585117023e-10,6.966813944580e-01
,,4.826185237047e-10,6.966687346663e-01
,,4.826785357071e-10,6.966560701706e-01
,,4.827385477095e-10,6.966434009749e-01
,,4.827985597119e-10,6.966307270837e-01
,,4.828585717143e-10,6.966180485011e-01
,,4.829185837167e-10,6.966053652314e-01
,,4.829785957191e-10,6.965926772788e-01
,,4.830386077215e-10,6.965799846475e-01
,,4.830986197239e-10,6.965672873419e-01
,,4.831586317263e-10,6.965545853661e-01
,,4.832186437287e-10,6.965418787243e-01
,,4.832786557311e-10,6.965291674209e-01
,,4.833386677335e-10,6.965164514599e-01
,,4.833986797359e-10,6.965037308456e-01
,,4.834586917383e-10,6.964910055823e-01
,,4.835187037407e-10,6.964782756741e-01
,,4.835787157431e-10,6.964655411252e-01
,,4.836387277455e-10,6.964528019399e-01
,,4.836987397479e-10,6.964400581223e-01
,,4.837587517504e-10,6.964273096767e-01
,,4.838187637528e-10,6.964145566072e-01
,,4.838787757552e-10,6.964017989180e-01
,,4.839387877576e-10,6.963890366134e-01
,,4.839987997600e-10,6.963762696974e-01
,,4.840588117624e-10,6.963634981743e-01
,,4.841188237648e-10,6.963507220483e-01
,,4.841788357672e-10,6.963379413235e-01
,,4.842388477696e-10,6.963251560041e-01
,,4.842988597720e-10,6.963123660942e-01
,,4.843588717744e-10,6.962995715981e-01
,,4.844188837768e-10,6.962867725198e-01
,,4.844788957792e-10,6.962739688636e-01
,,4.845389077816e-10,6.962611606335e-01
,,4.845989197840e-10,6.962483478338e-01
,,4.846589317864e-10,6.962355304686e-01
,,4.847189437888e-10,6.962227085420e-01
,,4.847789557912e-10,6.962098820582e-01
,,4.848389677936e-10,6.961970510212e-01
,,4.848989797960e-10,6.961842154353e-01
,,4.849589917984e-10,6.961713753046e-01
,,4.850190038008e-10,6.961585306331e-01
,,4.850790158032e-10,6.961456814251e-01
,,4.851390278056e-10,6.961328276846e-01
,,4.851990398080e-10,6.961199694157e-01
,,4.852590518104e-10,6.961071066226e-01
,,4.853190638128e-10,6.960942393094e-01
,,4.853790758152e-10,6.960813674801e-01
,,4.854390878176e-10,6.960684911389e-01
,,4.854990998200e-10,6.960556102899e-01
,,4.855591118224e-10,6.960427249372e-01
,,4.856191238248e-10,6.960298350848e-01
,,4.856791358272e-10,6.960169407368e-01
,,4.857391478296e-10,6.960040418975e-01
,,4.857991598320e-10,6.959911385707e-01
,,4.858591718344e-10,6.959782307606e-01
,,4.859191838368e-10,6.959653184713e-01
,,4.859791958392e-10,6.959524017069e-01
,,4.860392078416e-10,6.959394804714e-01
,,4.860992198440e-10,6.959265547688e-01
,,4.861592318464e-10,6.959136246033e-01
,,4.862192438488e-10,6.959006899790e-01
,,4.862792558512e-10,6.958877508998e-01
,,4.863392678536e-10,6.958748073698e-01
,,4.863992798560e-10,6.958618593930e-01
,,4.864592918584e-10,6.958489069736e-01
,,4.865193038608e-10,6.958359501156e-01
,,4.865793158632e-10,6.958229888229e-01
,,4.866393278656e-10,6.958100230997e-01
,,4.866993398680e-10,6.957970529500e-01
,,4.867593518704e-10,6.957840783778e-01
,,4.868193638728e-10,6.957710993871e-01
,,4.868793758752e-10,6.957581159819e-01
,,4.869393878776e-10,6.957451281663e-01
,,4.869993998800e-10,6.957321359444e-01
,,4.870594118824e-10,6.957191393200e-01
,,4.871194238848e-10,6.957061382972e-01
,,4.871794358872e-10,6.956931328801e-01
,,4.872394478896e-10,6.956801230726e-01
,,4.872994598920e-10,6.956671088787e-01
,,4.873594718944e-10,6.956540903024e-01
,,4.874194838968e-10,6.956410673478e-01
,,4.874794958992e-10,6.956280400188e-01
,,4.875395079016e-10,6.956150083194e-01
,,4.875995199040e-10,6.956019722536e-01
,,4.876595319064e-10,6.955889318254e-01
,,4.877195439088e-10,6.955758870387e-01
,,4.877795559112e-10,6.955628378976e-01
,,4.878395679136e-10,6.955497844059e-01
,,4.878995799160e-10,6.955367265677e-01
,,4.879595919184e-10,6.955236643870e-01
,,4.880196039208e-10,6.955105978676e-01
,,4.880796159232e-10,6.954975270137e-01
,,4.881396279256e-10,6.954844518290e-01
,,4.881996399280e-10,6.954713723176e-01
,,4.882596519304e-10,6.954582884834e-01
,,4.883196639328e-10,6.954452003304e-01
,,4.883796759352e-10,6.954321078625e-01
,,4.884396879376e-10,6.954190110837e-01
,,4.884996999400e-10,6.954059099978e-01
,,4.885597119424e-10,6.953928046089e-01
,,4.886197239448e-10,6.953796949209e-01
,,4.886797359472e-10,6.953665809376e-01
,,4.887397479496e-10,6.953534626630e-01
,,4.887997599520e-10,6.953403401011e-01
,,4.888597719544e-10,6.953272132557e-01
,,4.889197839568e-10,6.953140821308e-01
,,4.889797959592e-10,6.953009467302e-01
,,4.890398079616e-10,6.952878070580e-01
,,4.890998199640e-10,6.952746631180e-01
,,4.891598319664e-10,6.952615149140e-01
,,4.892198439688e-10,6.952483624501e-01
,,4.892798559712e-10,6.952352057300e-01
,,4.893398679736e-10,6.952220447578e-01
,,4.893998799760e-10,6.952088795372e-01
,,4.894598919784e-10,6.951957100722e-01
,,4.895199039808e-10,6.951825363666e-01
,,4.895799159832e-10,6.951693584244e-01
,,4.896399279856e-10,6.951561762494e-01
,,4.896999399880e-10,6.951429898455e-01
,,4.897599519904e-10,6.951297992165e-01
,,4.898199639928e-10,6.951166043664e-01
,,4.898799759952e-10,6.951034052989e-01
,,4.899399879976e-10,6.950902020181e-01
,,4.900000000000e-10,6.950769945276e-01
